,date_GMT,attendance,home_team_name,away_team_name,Pre-Match PPG (Home),Pre-Match PPG (Away),home_ppg,away_ppg,home_team_goal_count,away_team_goal_count,home_team_goal_count_half_time,away_team_goal_count_half_time,home_team_corner_count,away_team_corner_count,home_team_yellow_cards,away_team_yellow_cards,home_team_red_cards,away_team_red_cards,home_team_shots,away_team_shots,home_team_shots_on_target,away_team_shots_on_target,home_team_fouls,away_team_fouls,home_team_possession,away_team_possession,home_games_played,home_goals_scored,home_total_shots,home_total_shots_on_target,home_total_shots_stopped,home_goals_conceded,home_total_possession,home_total_fouls,home_total_yellow_cards,home_total_red_cards,home_total_wins,home_total_draws,home_total_losses,away_games_played,away_goals_scored,away_total_shots,away_total_shots_on_target,away_total_shots_stopped,away_goals_conceded,away_total_possession,away_total_fouls,away_total_yellow_cards,away_total_red_cards,away_total_wins,away_total_draws,away_total_losses,Result
313,Apr 01 2019 - 7:00pm,59869,Arsenal,Newcastle United,2.56,0.87,2.37,1.05,2,0,1,0,6,2,2,0,0,0,6,4,5,2,11,10,70,30,30,63,306,168,133,39,1720,335,52,1,18,4,6,31.0,31.0,296.0,140.0,116.0,40.0,1254.0,358.0,49.0,2.0,9.0,7.0,14.0,H
314,Apr 02 2019 - 6:45pm,17301,Watford,Fulham,1.64,0.13,1.42,0.26,4,1,1,1,6,4,3,2,0,0,9,11,8,8,12,5,46,54,31,43,280,149,126,46,1432,358,61,2,12,5,12,32.0,29.0,315.0,152.0,153.0,72.0,1506.0,361.0,59.0,2.0,4.0,2.0,23.0,H
315,Apr 02 2019 - 6:45pm,31302,Wolverhampton Wanderers,Manchester United,1.6,1.81,1.79,1.58,2,1,1,1,3,5,1,3,0,1,8,12,3,5,5,11,49,51,31,38,318,157,117,38,1435,352,61,1,12,5,11,31.0,60.0,351.0,224.0,134.0,41.0,1712.0,363.0,61.0,3.0,18.0,2.0,6.0,H
316,Apr 03 2019 - 6:45pm,38593,Chelsea,Brighton & Hove Albion,2.13,0.73,2.21,0.68,3,0,1,0,7,1,0,0,0,0,13,4,5,2,5,9,68,32,31,52,356,190,98,34,2015,280,41,0,18,1,7,30.0,32.0,265.0,122.0,120.0,43.0,1291.0,379.0,52.0,3.0,9.0,2.0,15.0,H
317,Apr 03 2019 - 6:45pm,59215,Tottenham Hotspur,Crystal Palace,2.0,1.33,2.0,1.53,2,0,0,0,8,2,1,0,0,0,20,6,11,2,8,5,65,35,31,58,346,183,127,34,1840,315,46,1,20,0,10,31.0,38.0,326.0,151.0,107.0,41.0,1433.0,320.0,51.0,2.0,10.0,2.0,15.0,H
318,Apr 03 2019 - 6:45pm,53559,Manchester City,Cardiff City,2.81,0.57,2.84,0.74,2,0,2,0,17,4,0,3,0,0,26,4,12,2,3,7,78,22,31,81,426,244,76,21,2114,266,37,1,25,2,4,31.0,28.0,279.0,127.0,139.0,59.0,1094.0,310.0,54.0,1.0,8.0,2.0,19.0,H
319,Apr 05 2019 - 7:00pm,31797,Southampton,Liverpool,1.2,2.19,1.21,2.32,1,3,1,1,7,5,2,4,0,0,8,13,2,6,8,7,33,67,31,35,316,168,128,50,1346,347,63,3,8,3,14,32.0,72.0,391.0,224.0,93.0,19.0,1963.0,286.0,33.0,2.0,24.0,5.0,1.0,A
322,Apr 06 2019 - 2:00pm,51926,Newcastle United,Crystal Palace,1.38,1.25,1.32,1.53,0,1,0,0,9,4,1,2,0,0,15,4,6,2,12,13,53,47,32,31,300,142,119,42,1284,368,49,2,9,7,15,32.0,38.0,332.0,153.0,116.0,43.0,1468.0,325.0,51.0,2.0,10.0,2.0,16.0,A
320,Apr 06 2019 - 2:00pm,10446,AFC Bournemouth,Burnley,1.63,0.81,1.53,0.89,1,3,1,2,3,6,2,3,0,0,8,8,3,4,12,16,59,41,32,43,304,161,122,58,1456,283,51,1,11,0,16,32.0,37.0,260.0,126.0,151.0,59.0,1328.0,308.0,61.0,1.0,9.0,4.0,17.0,A
321,Apr 06 2019 - 2:00pm,24126,Huddersfield Town,Leicester City,0.5,1.31,0.47,1.32,1,4,0,1,8,5,3,0,0,0,8,17,5,10,13,11,44,56,32,18,282,133,125,59,1559,350,47,4,3,3,24,32.0,42.0,348.0,180.0,105.0,43.0,1609.0,298.0,53.0,5.0,13.0,3.0,14.0,A
323,Apr 07 2019 - 1:05pm,39400,Everton,Arsenal,1.56,1.36,1.79,1.32,1,0,1,0,9,6,1,4,0,0,16,6,7,3,8,9,42,58,32,45,319,168,113,42,1645,367,51,4,12,3,13,31.0,65.0,312.0,173.0,135.0,39.0,1790.0,346.0,54.0,1.0,19.0,4.0,6.0,H
324,Apr 08 2019 - 7:00pm,40537,Chelsea,West Ham United,2.19,1.0,2.21,1.11,2,0,1,0,7,4,2,1,0,0,14,6,8,3,8,7,54,46,32,55,369,195,100,34,2083,285,41,0,19,1,7,32.0,41.0,298.0,157.0,155.0,48.0,1548.0,291.0,52.0,1.0,12.0,3.0,14.0,H
325,Apr 12 2019 - 7:00pm,32108,Leicester City,Newcastle United,1.44,0.81,1.42,1.05,0,1,0,1,2,3,2,3,0,0,12,11,6,6,6,10,71,29,33,46,365,190,109,44,1665,309,53,5,14,3,14,33.0,31.0,315.0,148.0,120.0,43.0,1337.0,380.0,50.0,2.0,9.0,7.0,16.0,A
326,Apr 13 2019 - 11:30am,58308,Tottenham Hotspur,Huddersfield Town,2.07,0.38,2.0,0.37,4,0,2,0,4,2,2,2,0,0,14,7,6,2,10,12,70,30,32,60,366,194,129,34,1905,323,47,1,21,0,10,33.0,19.0,290.0,138.0,131.0,63.0,1603.0,363.0,50.0,4.0,3.0,3.0,25.0,H
327,Apr 13 2019 - 2:00pm,30460,Brighton & Hove Albion,AFC Bournemouth,1.47,0.75,1.21,0.84,0,5,0,1,4,1,2,4,1,0,5,12,2,8,10,6,50,50,31,32,269,124,122,46,1323,388,52,3,9,2,16,33.0,44.0,312.0,164.0,123.0,61.0,1515.0,295.0,53.0,1.0,11.0,0.0,17.0,A
328,Apr 13 2019 - 2:00pm,21480,Burnley,Cardiff City,1.25,0.53,1.21,0.74,2,0,1,0,8,4,2,4,0,0,14,10,8,3,7,10,46,54,33,40,268,130,153,60,1369,324,64,1,10,4,17,32.0,28.0,283.0,129.0,149.0,61.0,1116.0,317.0,57.0,1.0,8.0,2.0,20.0,H
329,Apr 13 2019 - 2:00pm,24971,Fulham,Everton,0.94,1.13,1.11,1.05,2,0,0,0,7,3,2,1,0,0,13,8,6,2,8,10,40,60,33,30,326,160,157,76,1560,366,61,2,4,2,24,33.0,46.0,335.0,175.0,116.0,42.0,1687.0,375.0,52.0,4.0,13.0,3.0,13.0,H
330,Apr 13 2019 - 2:00pm,31708,Southampton,Wolverhampton Wanderers,1.13,1.25,1.21,1.21,3,1,2,1,4,9,1,3,0,0,11,11,7,3,13,8,30,70,32,36,324,170,131,53,1379,355,65,3,8,3,15,32.0,40.0,326.0,160.0,121.0,39.0,1484.0,357.0,62.0,1.0,13.0,5.0,11.0,H
331,Apr 13 2019 - 4:30pm,74478,Manchester United,West Ham United,2.13,0.94,1.89,1.11,2,1,1,0,3,11,1,1,0,0,10,11,5,5,14,5,42,58,32,61,363,229,135,43,1763,374,64,4,18,2,7,33.0,41.0,304.0,160.0,161.0,50.0,1594.0,298.0,53.0,1.0,12.0,3.0,15.0,H
332,Apr 14 2019 - 1:05pm,25721,Crystal Palace,Manchester City,1.0,2.13,1.05,2.32,1,3,0,1,2,9,0,0,0,0,6,14,4,7,5,11,27,73,33,39,336,155,122,43,1515,338,53,2,11,2,16,32.0,83.0,452.0,256.0,78.0,21.0,2192.0,269.0,37.0,1.0,26.0,2.0,4.0,A
333,Apr 14 2019 - 3:30pm,53279,Liverpool,Chelsea,2.75,1.75,2.79,1.58,2,0,0,0,9,2,0,1,0,0,11,6,8,4,5,9,61,39,33,75,404,230,94,20,2030,293,37,2,25,5,1,33.0,57.0,383.0,203.0,103.0,34.0,2137.0,293.0,43.0,0.0,20.0,1.0,7.0,H
334,Apr 15 2019 - 7:00pm,20480,Watford,Arsenal,1.73,1.27,1.42,1.32,0,1,0,1,6,4,2,0,1,0,7,12,4,6,12,8,34,66,32,47,289,157,133,47,1478,370,64,2,13,5,12,32.0,65.0,318.0,176.0,141.0,40.0,1848.0,355.0,58.0,1.0,19.0,4.0,7.0,A
335,Apr 16 2019 - 6:45pm,30226,Brighton & Hove Albion,Cardiff City,1.38,0.5,1.21,0.74,0,2,0,1,5,4,0,1,0,0,11,7,3,4,11,13,63,37,32,32,274,126,125,51,1373,398,54,4,9,2,17,33.0,28.0,293.0,132.0,155.0,63.0,1170.0,327.0,61.0,1.0,8.0,2.0,21.0,A
336,Apr 20 2019 - 11:30am,54489,Manchester City,Tottenham Hotspur,2.82,1.94,2.84,1.74,1,0,1,0,4,4,1,2,0,0,11,8,5,5,11,11,60,40,33,86,466,263,81,22,2265,280,37,1,27,2,4,33.0,64.0,380.0,200.0,131.0,34.0,1975.0,333.0,49.0,1.0,22.0,0.0,10.0,H
337,Apr 20 2019 - 2:00pm,10511,AFC Bournemouth,Fulham,1.53,0.12,1.53,0.26,0,1,0,0,3,7,1,3,0,0,12,12,6,6,11,18,49,51,34,49,324,172,125,61,1565,301,57,1,12,0,17,34.0,32.0,339.0,166.0,159.0,76.0,1600.0,374.0,63.0,2.0,5.0,2.0,24.0,A
338,Apr 20 2019 - 2:00pm,23957,Huddersfield Town,Watford,0.47,1.18,0.47,1.21,1,2,0,1,2,2,2,2,0,0,9,11,4,7,15,9,45,55,34,19,297,140,133,67,1633,375,52,4,3,3,26,33.0,47.0,296.0,161.0,138.0,48.0,1512.0,382.0,66.0,3.0,13.0,5.0,13.0,A
339,Apr 20 2019 - 2:00pm,59960,West Ham United,Leicester City,1.59,1.41,1.63,1.32,2,2,1,0,6,8,2,0,0,0,9,11,4,6,8,9,49,51,34,42,315,165,164,52,1652,303,54,1,12,3,16,34.0,46.0,377.0,196.0,114.0,45.0,1736.0,315.0,55.0,5.0,14.0,3.0,15.0,D
340,Apr 20 2019 - 2:00pm,31096,Wolverhampton Wanderers,Brighton & Hove Albion,1.69,0.69,1.79,0.68,0,0,0,0,14,1,0,1,0,0,20,5,6,0,0,8,68,32,33,41,337,163,125,42,1554,365,65,1,13,5,12,33.0,32.0,285.0,129.0,127.0,53.0,1436.0,409.0,54.0,4.0,9.0,2.0,18.0,D
341,Apr 20 2019 - 4:30pm,52191,Newcastle United,Southampton,1.29,0.94,1.32,0.84,3,1,2,0,4,11,0,2,0,0,11,11,7,4,5,11,43,57,34,32,326,154,126,43,1366,390,53,2,10,7,16,33.0,39.0,335.0,177.0,133.0,54.0,1409.0,368.0,66.0,3.0,9.0,3.0,15.0,H
342,Apr 21 2019 - 12:30pm,39395,Everton,Manchester United,1.65,1.71,1.79,1.58,4,0,2,0,10,2,1,1,0,0,12,7,9,2,11,7,48,52,34,46,343,177,120,44,1747,385,53,4,13,3,14,33.0,63.0,373.0,234.0,139.0,44.0,1805.0,388.0,65.0,4.0,19.0,2.0,7.0,H
344,Apr 21 2019 - 3:00pm,33082,Cardiff City,Liverpool,1.18,2.24,1.05,2.32,0,2,0,0,5,10,1,1,0,0,5,15,3,7,6,5,23,77,34,30,300,136,158,63,1207,340,62,1,9,2,21,34.0,77.0,415.0,238.0,98.0,20.0,2091.0,298.0,37.0,2.0,26.0,5.0,1.0,A
343,Apr 21 2019 - 3:00pm,59929,Arsenal,Crystal Palace,2.59,1.35,2.37,1.53,2,3,0,1,8,3,4,1,0,0,11,13,6,8,15,12,72,28,33,66,330,182,145,40,1914,363,58,1,20,4,7,34.0,40.0,342.0,159.0,126.0,46.0,1542.0,343.0,53.0,2.0,11.0,2.0,17.0,A
345,Apr 22 2019 - 7:00pm,40642,Chelsea,Burnley,2.24,0.94,2.21,0.89,2,2,2,2,10,1,2,1,0,0,18,6,10,4,9,4,76,24,34,57,389,207,109,36,2176,302,44,0,20,1,8,34.0,42.0,282.0,138.0,156.0,60.0,1415.0,331.0,66.0,1.0,11.0,4.0,17.0,D
347,Apr 23 2019 - 6:45pm,56251,Tottenham Hotspur,Brighton & Hove Albion,2.13,0.71,2.0,0.68,1,0,0,0,6,3,1,2,0,0,18,6,6,2,7,13,78,22,34,64,388,205,135,35,2015,344,51,1,22,0,11,34.0,32.0,290.0,129.0,133.0,53.0,1468.0,417.0,55.0,4.0,9.0,3.0,18.0,H
346,Apr 23 2019 - 6:45pm,19170,Watford,Southampton,1.63,0.88,1.42,0.84,1,1,0,1,3,4,5,2,0,0,8,8,5,5,10,14,62,38,34,49,307,168,141,49,1567,391,68,3,14,5,13,34.0,40.0,346.0,181.0,137.0,57.0,1466.0,379.0,68.0,3.0,9.0,3.0,16.0,D
348,Apr 24 2019 - 6:45pm,31436,Wolverhampton Wanderers,Arsenal,1.65,1.38,1.79,1.32,3,1,3,0,5,5,2,3,0,0,9,6,4,2,12,9,29,71,34,41,357,169,125,42,1622,365,65,1,13,5,12,34.0,68.0,341.0,188.0,150.0,43.0,1986.0,378.0,62.0,1.0,20.0,4.0,8.0,H
349,Apr 24 2019 - 7:00pm,74431,Manchester United,Manchester City,2.19,2.19,1.89,2.32,0,2,0,0,1,1,2,2,0,0,8,9,2,6,10,10,36,64,34,63,380,236,144,48,1857,395,66,4,19,2,8,34.0,87.0,477.0,268.0,86.0,22.0,2325.0,291.0,38.0,1.0,28.0,2.0,4.0,A
350,Apr 26 2019 - 7:00pm,53249,Liverpool,Huddersfield Town,2.76,0.35,2.79,0.37,5,0,3,0,4,4,0,0,0,0,20,4,8,2,5,14,70,30,35,79,430,245,101,20,2168,303,38,2,27,5,1,35.0,20.0,306.0,144.0,138.0,69.0,1678.0,390.0,54.0,4.0,3.0,3.0,27.0,H
351,Apr 27 2019 - 11:30am,60043,Tottenham Hotspur,West Ham United,2.18,0.88,2.0,1.11,0,1,0,0,2,7,0,2,0,0,9,13,5,8,3,8,63,37,35,65,406,211,137,35,2093,351,52,1,23,0,11,35.0,44.0,324.0,169.0,168.0,54.0,1701.0,311.0,56.0,1.0,12.0,3.0,16.0,A
355,Apr 27 2019 - 2:00pm,20323,Watford,Wolverhampton Wanderers,1.59,1.18,1.42,1.21,1,2,0,1,4,5,3,2,0,0,7,8,2,5,10,11,56,44,35,50,315,173,145,50,1629,401,73,3,14,5,13,35.0,44.0,366.0,173.0,126.0,43.0,1651.0,377.0,67.0,1.0,14.0,5.0,12.0,A
353,Apr 27 2019 - 2:00pm,23822,Fulham,Cardiff City,1.06,0.65,1.11,0.74,1,0,0,0,10,3,0,0,0,0,8,11,3,9,10,8,73,27,35,33,351,172,165,76,1651,392,66,2,6,2,24,35.0,30.0,305.0,139.0,163.0,65.0,1230.0,346.0,63.0,1.0,9.0,2.0,22.0,H
352,Apr 27 2019 - 2:00pm,25789,Crystal Palace,Everton,0.94,1.06,1.05,1.05,0,0,0,0,5,10,2,0,0,0,6,12,0,4,9,15,36,64,35,43,355,167,130,48,1570,355,54,2,12,2,17,35.0,50.0,355.0,186.0,122.0,44.0,1795.0,396.0,54.0,4.0,14.0,3.0,14.0,D
354,Apr 27 2019 - 2:00pm,31310,Southampton,AFC Bournemouth,1.24,0.88,1.21,0.84,3,3,1,2,9,3,2,1,0,0,17,10,8,6,8,9,44,56,35,41,354,186,141,58,1504,393,70,3,9,4,16,35.0,49.0,336.0,178.0,130.0,62.0,1614.0,312.0,58.0,1.0,12.0,0.0,18.0,D
356,Apr 27 2019 - 4:30pm,30587,Brighton & Hove Albion,Newcastle United,1.29,0.94,1.21,1.05,1,1,0,1,7,4,2,3,0,0,8,5,3,2,7,10,49,51,35,32,296,131,138,54,1490,430,57,4,9,3,19,35.0,35.0,337.0,161.0,129.0,44.0,1409.0,395.0,53.0,2.0,11.0,7.0,16.0,D
357,Apr 28 2019 - 11:00am,32037,Leicester City,Arsenal,1.35,1.29,1.42,1.32,3,0,0,0,8,6,3,2,0,1,19,5,13,2,13,13,67,33,35,48,388,202,116,47,1787,324,55,5,14,4,15,35.0,69.0,347.0,190.0,151.0,46.0,2057.0,387.0,65.0,1.0,20.0,4.0,9.0,H
358,Apr 28 2019 - 1:05pm,21605,Burnley,Manchester City,1.35,2.24,1.21,2.32,0,1,0,0,0,6,1,1,0,0,3,12,0,8,5,7,30,70,35,44,288,142,164,62,1439,335,67,1,11,5,17,35.0,89.0,486.0,274.0,88.0,22.0,2389.0,301.0,40.0,1.0,29.0,2.0,4.0,A
359,Apr 28 2019 - 3:30pm,74526,Manchester United,Chelsea,2.06,1.65,1.89,1.58,1,1,1,1,6,6,3,2,0,0,8,11,6,4,9,14,51,49,35,63,388,238,148,50,1893,405,68,4,19,2,9,35.0,59.0,407.0,217.0,111.0,38.0,2252.0,311.0,46.0,0.0,20.0,1.0,8.0,D
0,Aug 10 2018 - 7:00pm,74439,Manchester United,Leicester City,0.0,0.0,1.89,1.32,2,1,1,0,2,5,2,1,0,0,8,8,7,5,11,8,46,54,0,0,0,0,0,0,0,0,0,0,0,0,0,0.0,0.0,0.0,0.0,0.0,0.0,0.0,0.0,0.0,0.0,0.0,0.0,0.0,H
1,Aug 11 2018 - 11:30am,51749,Newcastle United,Tottenham Hotspur,0.0,0.0,1.32,1.74,1,2,1,2,3,5,2,2,0,0,11,13,3,6,11,12,40,60,0,0,0,0,0,0,0,0,0,0,0,0,0,0.0,0.0,0.0,0.0,0.0,0.0,0.0,0.0,0.0,0.0,0.0,0.0,0.0,A
4,Aug 11 2018 - 2:00pm,24121,Huddersfield Town,Chelsea,0.0,0.0,0.47,1.58,0,3,0,2,2,5,2,1,0,0,6,8,2,5,9,8,37,63,0,0,0,0,0,0,0,0,0,0,0,0,0,0.0,0.0,0.0,0.0,0.0,0.0,0.0,0.0,0.0,0.0,0.0,0.0,0.0,A
3,Aug 11 2018 - 2:00pm,24821,Fulham,Crystal Palace,0.0,0.0,1.11,1.53,0,2,0,1,5,5,1,2,0,0,11,11,7,11,9,11,66,34,0,0,0,0,0,0,0,0,0,0,0,0,0,0.0,0.0,0.0,0.0,0.0,0.0,0.0,0.0,0.0,0.0,0.0,0.0,0.0,A
2,Aug 11 2018 - 2:00pm,10353,AFC Bournemouth,Cardiff City,0.0,0.0,1.53,0.74,2,0,1,0,7,4,1,1,0,0,11,7,5,2,11,9,62,38,0,0,0,0,0,0,0,0,0,0,0,0,0,0.0,0.0,0.0,0.0,0.0,0.0,0.0,0.0,0.0,0.0,0.0,0.0,0.0,H
5,Aug 11 2018 - 2:00pm,20051,Watford,Brighton & Hove Albion,0.0,0.0,1.42,0.68,2,0,1,0,8,2,2,2,0,0,15,6,6,0,10,16,53,47,0,0,0,0,0,0,0,0,0,0,0,0,0,0.0,0.0,0.0,0.0,0.0,0.0,0.0,0.0,0.0,0.0,0.0,0.0,0.0,H
6,Aug 11 2018 - 4:30pm,31231,Wolverhampton Wanderers,Everton,0.0,0.0,1.79,1.05,2,2,1,1,3,6,0,1,0,1,10,9,5,6,8,7,57,43,0,0,0,0,0,0,0,0,0,0,0,0,0,0.0,0.0,0.0,0.0,0.0,0.0,0.0,0.0,0.0,0.0,0.0,0.0,0.0,D
7,Aug 12 2018 - 12:30pm,53235,Liverpool,West Ham United,0.0,0.0,2.79,1.11,4,0,2,0,5,4,1,2,0,0,16,5,9,3,14,9,64,36,0,0,0,0,0,0,0,0,0,0,0,0,0,0.0,0.0,0.0,0.0,0.0,0.0,0.0,0.0,0.0,0.0,0.0,0.0,0.0,H
8,Aug 12 2018 - 12:30pm,30784,Southampton,Burnley,0.0,0.0,1.21,0.89,0,0,0,0,8,5,0,1,0,0,10,13,4,7,10,9,47,53,0,0,0,0,0,0,0,0,0,0,0,0,0,0.0,0.0,0.0,0.0,0.0,0.0,0.0,0.0,0.0,0.0,0.0,0.0,0.0,D
9,Aug 12 2018 - 3:00pm,59934,Arsenal,Manchester City,0.0,0.0,2.37,2.32,0,2,0,1,2,9,2,2,0,0,8,14,4,9,11,14,42,58,0,0,0,0,0,0,0,0,0,0,0,0,0,0.0,0.0,0.0,0.0,0.0,0.0,0.0,0.0,0.0,0.0,0.0,0.0,0.0,A
10,Aug 18 2018 - 11:30am,30720,Cardiff City,Newcastle United,0.0,0.0,1.05,1.05,0,0,0,0,5,5,2,2,0,1,8,8,2,7,14,16,51,49,1,0,7,2,3,2,38,9,1,0,0,0,1,1.0,1.0,11.0,3.0,4.0,2.0,40.0,11.0,2.0,0.0,0.0,0.0,1.0,D
11,Aug 18 2018 - 2:00pm,38601,Everton,Southampton,0.0,0.0,1.79,0.84,2,1,2,0,2,5,0,5,0,0,11,11,8,5,8,20,58,42,1,2,9,6,3,2,43,7,1,1,0,1,0,1.0,0.0,10.0,4.0,7.0,0.0,47.0,10.0,0.0,0.0,0.0,0.0,0.0,H
12,Aug 18 2018 - 2:00pm,32043,Leicester City,Wolverhampton Wanderers,0.0,0.0,1.42,1.21,2,0,2,0,1,9,2,1,1,0,5,11,3,4,10,8,42,58,1,1,8,5,5,2,54,8,1,0,0,0,1,1.0,2.0,10.0,5.0,4.0,2.0,57.0,8.0,0.0,0.0,0.0,0.0,0.0,H
14,Aug 18 2018 - 2:00pm,56888,West Ham United,AFC Bournemouth,0.0,0.0,1.63,0.84,1,2,1,0,6,4,6,2,0,0,9,9,6,6,14,10,61,39,1,0,5,3,5,4,36,9,2,0,0,0,1,1.0,2.0,11.0,5.0,2.0,0.0,62.0,11.0,1.0,0.0,1.0,0.0,0.0,A
13,Aug 18 2018 - 2:00pm,58297,Tottenham Hotspur,Fulham,0.0,0.0,2.0,0.26,3,1,1,0,5,2,0,0,0,0,22,9,12,4,9,5,59,41,1,2,13,6,2,1,60,12,2,0,1,0,0,1.0,0.0,11.0,7.0,9.0,2.0,66.0,9.0,1.0,0.0,0.0,0.0,1.0,H
15,Aug 18 2018 - 4:30pm,40491,Chelsea,Arsenal,0.0,0.0,2.21,1.32,3,2,2,2,5,1,0,2,0,0,19,13,12,7,12,9,62,38,1,3,8,5,2,0,63,8,1,0,1,0,0,1.0,0.0,8.0,4.0,7.0,2.0,42.0,11.0,2.0,0.0,0.0,0.0,1.0,H
17,Aug 19 2018 - 12:30pm,54021,Manchester City,Huddersfield Town,0.0,0.0,2.84,0.37,6,1,3,1,10,3,0,2,0,0,24,4,15,2,9,4,76,24,1,2,14,9,4,0,58,14,2,0,1,0,0,1.0,0.0,6.0,2.0,2.0,3.0,37.0,9.0,2.0,0.0,0.0,0.0,1.0,H
16,Aug 19 2018 - 12:30pm,18822,Burnley,Watford,0.0,0.0,1.21,1.21,1,3,1,1,5,2,1,2,0,0,7,7,4,7,8,19,58,42,1,0,13,7,4,0,53,9,1,0,0,1,0,1.0,2.0,15.0,6.0,0.0,0.0,53.0,10.0,2.0,0.0,1.0,0.0,0.0,A
18,Aug 19 2018 - 3:00pm,30592,Brighton & Hove Albion,Manchester United,0.0,0.0,1.21,1.58,3,2,3,1,3,5,1,1,0,0,7,8,4,4,16,13,33,67,1,0,6,0,4,2,47,16,2,0,0,0,1,1.0,2.0,8.0,7.0,4.0,1.0,46.0,11.0,2.0,0.0,1.0,0.0,0.0,H
19,Aug 20 2018 - 7:00pm,25750,Crystal Palace,Liverpool,0.0,0.0,1.05,2.32,0,2,0,1,6,7,1,1,1,0,8,11,3,7,6,13,36,64,1,2,11,11,7,0,34,11,2,0,1,0,0,1.0,4.0,16.0,9.0,3.0,0.0,64.0,14.0,1.0,0.0,1.0,0.0,0.0,A
20,Aug 25 2018 - 11:30am,31222,Wolverhampton Wanderers,Manchester City,1.0,3.0,1.79,2.32,1,1,0,0,5,9,1,2,0,0,9,13,3,7,13,8,28,72,2,2,21,9,5,4,115,16,1,0,0,0,1,2.0,8.0,38.0,24.0,5.0,1.0,134.0,23.0,2.0,0.0,2.0,0.0,0.0,D
21,Aug 25 2018 - 2:00pm,10654,AFC Bournemouth,Everton,3.0,1.0,1.53,1.05,2,2,0,0,6,2,0,3,1,1,16,9,6,4,12,10,49,51,2,4,20,11,7,1,101,21,3,0,2,0,0,2.0,4.0,20.0,14.0,7.0,3.0,101.0,15.0,1.0,1.0,1.0,1.0,0.0,D
22,Aug 25 2018 - 2:00pm,59830,Arsenal,West Ham United,0.0,0.0,2.37,1.11,3,1,1,1,7,2,1,3,0,0,13,11,11,6,16,13,61,39,2,2,21,11,16,5,80,20,4,0,0,0,2,2.0,1.0,14.0,9.0,9.0,6.0,97.0,23.0,8.0,0.0,0.0,0.0,2.0,H
23,Aug 25 2018 - 2:00pm,21193,Huddersfield Town,Cardiff City,0.0,0.0,0.47,0.74,0,0,0,0,7,7,0,1,1,0,4,11,2,5,8,10,58,42,2,1,10,4,11,9,61,13,4,0,0,0,2,2.0,0.0,15.0,4.0,10.0,2.0,89.0,23.0,3.0,0.0,0.0,0.0,1.0,D
24,Aug 25 2018 - 2:00pm,29925,Southampton,Leicester City,1.0,0.0,1.21,1.32,1,2,0,0,10,3,2,1,1,0,10,9,6,6,13,11,51,49,2,1,21,9,13,2,89,30,5,0,0,0,1,2.0,3.0,13.0,8.0,9.0,2.0,96.0,18.0,3.0,1.0,1.0,0.0,1.0,A
25,Aug 25 2018 - 4:30pm,53294,Liverpool,Brighton & Hove Albion,3.0,0.0,2.79,0.68,1,0,1,0,8,5,1,1,0,0,16,5,9,3,8,14,70,30,2,6,27,16,6,0,128,27,2,0,2,0,0,2.0,3.0,13.0,4.0,6.0,4.0,80.0,32.0,3.0,0.0,1.0,0.0,1.0,H
26,Aug 26 2018 - 12:30pm,20014,Watford,Crystal Palace,3.0,3.0,1.42,1.53,2,1,0,0,6,3,4,2,0,0,10,9,6,4,14,11,43,57,2,5,22,13,3,1,95,29,4,0,2,0,0,2.0,2.0,19.0,14.0,12.0,2.0,70.0,17.0,3.0,1.0,1.0,0.0,1.0,H
28,Aug 26 2018 - 3:00pm,51791,Newcastle United,Chelsea,0.0,3.0,1.32,1.58,1,2,0,0,4,5,3,1,0,0,5,11,3,4,16,8,18,82,2,1,19,10,6,2,89,27,4,1,0,1,1,2.0,6.0,27.0,17.0,7.0,2.0,125.0,20.0,1.0,0.0,2.0,0.0,0.0,A
27,Aug 26 2018 - 3:00pm,23438,Fulham,Burnley,0.0,1.0,1.11,0.89,4,2,3,2,6,4,2,1,0,0,23,8,13,3,11,8,63,37,2,1,20,11,18,5,107,14,1,0,0,0,2,2.0,1.0,20.0,11.0,8.0,3.0,111.0,17.0,2.0,0.0,0.0,1.0,1.0,H
29,Aug 27 2018 - 7:00pm,74400,Manchester United,Tottenham Hotspur,3.0,3.0,1.89,1.74,0,3,0,0,5,2,2,3,0,0,18,8,6,6,11,16,57,43,2,4,16,11,5,4,113,24,3,0,1,0,1,2.0,5.0,35.0,18.0,5.0,2.0,119.0,21.0,2.0,0.0,2.0,0.0,0.0,A
135,Dec 01 2018 - 3:00pm,51853,Newcastle United,West Ham United,0.86,0.83,1.32,1.11,0,3,0,1,7,3,3,3,0,0,12,8,5,5,10,10,58,42,13,11,116,55,50,16,514,156,15,1,3,3,7,13.0,14.0,123.0,63.0,63.0,22.0,599.0,123.0,28.0,1.0,3.0,2.0,7.0,A
131,Dec 01 2018 - 3:00pm,25098,Crystal Palace,Burnley,0.33,0.71,1.05,0.89,2,0,1,0,10,2,1,1,0,0,21,3,10,0,9,10,58,42,13,8,126,61,50,17,589,151,22,1,2,1,8,13.0,13.0,96.0,46.0,71.0,27.0,542.0,126.0,26.0,0.0,2.0,2.0,8.0,H
132,Dec 01 2018 - 3:00pm,22973,Huddersfield Town,Brighton & Hove Albion,0.71,0.57,0.47,0.68,1,2,1,1,2,6,0,2,1,0,6,10,3,7,10,12,32,68,13,8,116,56,50,22,622,140,19,1,2,2,7,13.0,14.0,97.0,47.0,64.0,19.0,487.0,184.0,28.0,1.0,4.0,1.0,6.0,A
134,Dec 01 2018 - 3:00pm,54409,Manchester City,AFC Bournemouth,3.0,1.5,2.84,0.84,3,1,1,1,8,4,0,0,0,0,12,4,7,2,9,3,73,27,13,40,191,113,32,5,880,114,14,0,11,2,0,13.0,22.0,133.0,73.0,50.0,18.0,639.0,120.0,21.0,1.0,6.0,0.0,5.0,H
133,Dec 01 2018 - 3:00pm,31353,Leicester City,Watford,1.33,1.33,1.42,1.21,2,0,2,0,4,8,2,1,0,1,7,7,4,0,7,6,37,63,13,18,135,74,45,17,686,137,24,4,5,1,5,13.0,17.0,124.0,67.0,42.0,17.0,595.0,156.0,28.0,1.0,6.0,2.0,5.0,H
136,Dec 01 2018 - 5:30pm,30187,Southampton,Manchester United,0.67,1.43,1.21,1.58,2,2,2,2,3,5,4,4,0,0,13,10,7,6,12,13,40,60,13,10,146,75,53,24,598,146,28,1,1,1,7,13.0,20.0,140.0,90.0,56.0,21.0,708.0,161.0,26.0,2.0,6.0,1.0,4.0,D
137,Dec 02 2018 - 12:00pm,40551,Chelsea,Fulham,2.14,0.14,2.21,0.26,2,0,1,0,4,6,2,1,0,0,11,9,10,5,8,17,66,34,13,28,164,86,44,11,874,117,16,0,8,1,1,13.0,14.0,132.0,62.0,63.0,33.0,653.0,140.0,24.0,1.0,2.0,1.0,9.0,H
138,Dec 02 2018 - 2:05pm,59973,Arsenal,Tottenham Hotspur,2.0,2.63,2.37,1.74,4,2,1,2,8,5,3,4,0,1,19,10,8,7,15,17,59,41,13,28,141,78,60,16,773,152,21,0,8,1,2,13.0,23.0,147.0,81.0,64.0,11.0,743.0,153.0,17.0,0.0,10.0,0.0,3.0,H
139,Dec 02 2018 - 4:15pm,51756,Liverpool,Everton,2.67,1.0,2.79,1.05,1,0,0,0,8,1,3,2,0,0,14,8,4,4,12,7,57,43,13,26,155,88,39,5,757,132,13,1,10,2,0,13.0,20.0,146.0,75.0,48.0,15.0,671.0,146.0,17.0,2.0,6.0,3.0,3.0,H
140,Dec 04 2018 - 7:45pm,9980,AFC Bournemouth,Huddersfield Town,1.57,0.83,1.53,0.37,2,1,2,1,4,8,4,2,0,0,7,17,3,7,14,11,32,68,14,23,137,75,54,21,666,123,21,1,6,0,6,14.0,9.0,122.0,59.0,55.0,24.0,654.0,150.0,19.0,2.0,2.0,2.0,8.0,H
141,Dec 04 2018 - 7:45pm,29663,Brighton & Hove Albion,Crystal Palace,1.83,1.0,1.21,1.53,3,1,3,0,4,5,2,3,1,0,7,14,4,6,14,12,31,69,14,16,107,54,66,20,555,196,30,1,5,1,6,14.0,10.0,147.0,71.0,50.0,17.0,647.0,160.0,23.0,1.0,3.0,1.0,8.0,H
142,Dec 04 2018 - 7:45pm,56811,West Ham United,Cardiff City,1.0,0.17,1.63,0.74,3,1,0,0,10,4,1,2,0,0,15,8,12,6,10,10,61,39,14,17,131,68,68,22,641,133,31,1,4,2,7,14.0,13.0,138.0,56.0,66.0,27.0,520.0,138.0,21.0,1.0,3.0,1.0,9.0,H
143,Dec 04 2018 - 8:00pm,20389,Watford,Manchester City,1.71,2.33,1.42,2.32,1,2,0,1,3,11,0,1,0,0,10,13,8,8,4,8,29,71,14,17,131,67,44,19,658,162,29,2,6,2,6,14.0,43.0,203.0,120.0,33.0,6.0,953.0,123.0,14.0,0.0,12.0,2.0,0.0,A
145,Dec 05 2018 - 7:45pm,22881,Fulham,Leicester City,1.17,1.43,1.11,1.32,1,1,1,0,10,8,0,0,0,0,18,12,8,6,12,7,45,55,14,14,141,67,71,35,687,157,25,1,2,1,10,14.0,20.0,142.0,78.0,45.0,17.0,723.0,144.0,26.0,4.0,6.0,1.0,5.0,D
146,Dec 05 2018 - 7:45pm,31300,Wolverhampton Wanderers,Chelsea,1.14,2.17,1.79,1.58,2,1,0,1,1,5,4,4,0,0,6,14,3,4,18,10,29,71,14,13,170,79,55,17,650,170,22,0,4,2,6,14.0,30.0,175.0,96.0,49.0,11.0,940.0,125.0,18.0,0.0,9.0,1.0,1.0,H
147,Dec 05 2018 - 7:45pm,39350,Everton,Newcastle United,2.29,1.0,1.79,1.05,1,1,1,1,14,2,0,5,0,0,12,9,4,6,7,18,76,24,14,20,154,79,51,16,714,153,19,2,6,3,4,14.0,11.0,128.0,60.0,52.0,19.0,572.0,166.0,18.0,1.0,3.0,3.0,8.0,D
144,Dec 05 2018 - 7:45pm,21741,Burnley,Liverpool,0.67,2.43,1.21,2.32,1,3,0,0,5,9,1,0,0,0,10,15,7,13,10,3,25,75,14,13,99,46,79,29,584,136,27,0,2,2,9,14.0,27.0,169.0,92.0,43.0,5.0,814.0,144.0,16.0,1.0,11.0,2.0,0.0,A
149,Dec 05 2018 - 8:00pm,33012,Tottenham Hotspur,Southampton,1.8,0.57,2.0,0.84,3,1,1,0,8,6,0,0,0,0,12,15,9,6,7,5,52,48,14,25,157,88,68,15,784,170,21,1,10,0,4,14.0,12.0,159.0,82.0,57.0,26.0,638.0,158.0,32.0,1.0,1.0,1.0,7.0,H
148,Dec 05 2018 - 8:00pm,74507,Manchester United,Arsenal,1.83,2.17,1.89,1.32,2,2,1,1,4,4,3,3,0,0,8,7,8,5,13,10,44,56,14,22,150,96,61,23,768,174,30,2,6,2,4,14.0,32.0,160.0,86.0,65.0,18.0,832.0,167.0,24.0,0.0,9.0,1.0,2.0,D
150,Dec 08 2018 - 12:30pm,10752,AFC Bournemouth,Liverpool,1.75,2.5,1.53,2.32,0,4,0,1,6,6,2,1,0,0,6,9,3,5,9,11,40,60,15,25,144,78,60,22,698,137,25,1,7,0,6,15.0,30.0,184.0,105.0,49.0,6.0,889.0,147.0,16.0,1.0,12.0,2.0,0.0,A
151,Dec 08 2018 - 3:00pm,59893,Arsenal,Huddersfield Town,2.13,0.71,2.37,0.37,1,0,0,0,7,1,5,4,0,0,11,6,3,0,13,20,61,39,15,34,167,91,71,20,888,177,27,0,9,2,2,15.0,10.0,139.0,66.0,56.0,26.0,722.0,161.0,21.0,2.0,2.0,2.0,9.0,H
152,Dec 08 2018 - 3:00pm,18497,Burnley,Brighton & Hove Albion,0.57,0.88,1.21,0.68,1,0,1,0,2,7,2,0,0,0,9,14,5,2,11,11,37,63,15,14,109,53,89,32,609,146,28,0,2,2,10,15.0,19.0,114.0,58.0,71.0,21.0,586.0,210.0,32.0,2.0,6.0,1.0,6.0,H
153,Dec 08 2018 - 3:00pm,30067,Cardiff City,Southampton,1.25,0.5,1.05,0.84,1,0,0,0,7,7,2,2,0,0,13,8,5,2,9,10,36,64,15,14,146,62,75,30,559,148,23,1,3,1,10,15.0,13.0,174.0,88.0,63.0,29.0,686.0,163.0,32.0,1.0,1.0,1.0,8.0,H
154,Dec 08 2018 - 3:00pm,74523,Manchester United,Fulham,1.71,0.13,1.89,0.26,4,1,3,0,10,3,1,2,0,1,18,9,12,5,11,15,62,38,15,24,158,104,64,25,812,187,33,2,6,2,4,15.0,15.0,159.0,75.0,76.0,36.0,732.0,169.0,25.0,1.0,2.0,1.0,10.0,H
155,Dec 08 2018 - 3:00pm,56995,West Ham United,Crystal Palace,1.25,0.88,1.63,1.53,3,2,0,1,5,3,1,2,0,0,12,7,7,5,10,8,48,52,15,20,146,80,73,23,702,143,32,1,5,2,7,15.0,11.0,161.0,77.0,51.0,20.0,716.0,172.0,26.0,1.0,3.0,1.0,9.0,H
156,Dec 08 2018 - 5:30pm,40571,Chelsea,Manchester City,2.25,2.43,2.21,2.32,2,0,1,0,1,13,2,0,0,0,7,11,6,5,12,11,38,62,15,31,189,100,50,13,1011,135,22,0,9,1,2,15.0,45.0,216.0,128.0,40.0,7.0,1024.0,131.0,15.0,0.0,13.0,2.0,0.0,H
157,Dec 08 2018 - 7:45pm,31957,Leicester City,Tottenham Hotspur,1.57,2.33,1.42,1.74,0,2,0,1,6,5,3,1,0,0,9,7,4,3,12,7,42,58,15,21,154,84,52,18,778,151,26,4,6,2,5,15.0,28.0,169.0,97.0,73.0,16.0,836.0,177.0,21.0,1.0,11.0,0.0,4.0,A
158,Dec 09 2018 - 4:00pm,50223,Newcastle United,Wolverhampton Wanderers,0.75,1.14,1.32,1.21,1,2,1,1,4,6,2,5,1,0,10,12,5,7,10,17,50,50,15,12,137,66,55,20,596,184,23,1,3,4,8,15.0,15.0,176.0,82.0,58.0,18.0,679.0,188.0,26.0,0.0,5.0,2.0,6.0,A
159,Dec 10 2018 - 8:00pm,38400,Everton,Watford,2.13,1.14,1.79,1.21,2,2,1,0,6,6,1,1,0,0,11,11,6,4,13,13,56,44,15,21,166,83,56,17,790,160,19,2,6,3,4,15.0,18.0,141.0,75.0,50.0,21.0,687.0,166.0,29.0,2.0,6.0,2.0,7.0,D
160,Dec 15 2018 - 12:30pm,54173,Manchester City,Everton,3.0,0.86,2.84,1.05,3,1,1,0,6,2,1,2,0,0,10,8,6,3,7,9,67,33,16,45,227,133,44,9,1086,142,15,0,13,2,1,16.0,23.0,177.0,89.0,58.0,19.0,846.0,173.0,20.0,2.0,6.0,3.0,4.0,H
162,Dec 15 2018 - 3:00pm,24036,Huddersfield Town,Newcastle United,0.63,1.0,0.47,1.05,0,1,0,0,10,1,1,1,0,0,13,8,6,6,5,13,73,27,16,10,145,66,58,27,761,181,25,2,2,2,10,16.0,13.0,147.0,71.0,60.0,22.0,646.0,194.0,25.0,2.0,3.0,4.0,9.0,A
163,Dec 15 2018 - 3:00pm,41645,Tottenham Hotspur,Burnley,2.0,0.63,2.0,0.89,1,0,0,0,8,3,0,2,0,0,10,3,4,0,7,8,70,30,16,30,176,100,77,16,894,184,22,1,12,0,4,16.0,15.0,118.0,58.0,91.0,32.0,646.0,157.0,30.0,0.0,3.0,2.0,10.0,H
164,Dec 15 2018 - 3:00pm,20032,Watford,Cardiff City,1.5,0.14,1.42,0.74,3,2,1,0,5,0,0,0,0,0,15,8,9,4,7,5,71,29,16,20,152,79,54,23,731,179,30,2,6,3,7,16.0,15.0,159.0,67.0,77.0,30.0,595.0,157.0,25.0,1.0,4.0,1.0,10.0,H
165,Dec 15 2018 - 3:00pm,30997,Wolverhampton Wanderers,AFC Bournemouth,1.38,1.29,1.79,0.84,2,0,1,0,5,3,1,2,0,0,8,9,5,4,15,7,37,63,16,17,188,89,62,19,729,205,31,0,6,2,6,16.0,25.0,150.0,81.0,61.0,26.0,738.0,146.0,27.0,1.0,7.0,0.0,7.0,H
161,Dec 15 2018 - 3:00pm,24738,Crystal Palace,Leicester City,0.71,1.38,1.05,1.32,1,0,1,0,4,4,2,1,0,0,7,10,2,3,10,8,43,57,16,13,168,82,55,23,768,180,28,1,3,1,10,16.0,21.0,163.0,88.0,53.0,20.0,820.0,163.0,29.0,4.0,6.0,2.0,6.0,H
166,Dec 15 2018 - 5:30pm,24081,Fulham,West Ham United,1.14,1.14,1.11,1.11,0,2,0,2,6,4,2,1,0,0,14,6,5,4,14,10,56,44,16,16,168,80,84,40,770,184,27,2,2,1,11,16.0,23.0,158.0,87.0,76.0,25.0,750.0,153.0,33.0,1.0,6.0,2.0,7.0,A
167,Dec 16 2018 - 1:30pm,30645,Brighton & Hove Albion,Chelsea,2.0,1.86,1.21,1.58,1,2,0,2,4,1,2,2,0,0,6,8,3,4,14,6,41,59,16,19,128,60,75,22,649,221,32,2,6,1,7,16.0,33.0,196.0,106.0,55.0,13.0,1049.0,147.0,24.0,0.0,10.0,1.0,2.0,A
168,Dec 16 2018 - 1:30pm,29497,Southampton,Arsenal,0.71,2.0,1.21,1.32,3,2,2,1,4,5,3,1,0,0,9,9,8,5,12,10,33,67,16,13,182,90,67,30,750,173,34,1,1,1,9,16.0,35.0,178.0,94.0,71.0,20.0,949.0,190.0,32.0,0.0,10.0,2.0,2.0,H
169,Dec 16 2018 - 4:00pm,52908,Liverpool,Manchester United,2.71,1.38,2.79,1.58,3,1,1,1,13,2,0,2,0,0,23,6,12,3,6,14,64,36,16,34,193,110,52,6,949,158,17,1,13,2,0,16.0,28.0,176.0,116.0,68.0,26.0,874.0,198.0,34.0,2.0,7.0,2.0,4.0,H
170,Dec 21 2018 - 8:00pm,31358,Wolverhampton Wanderers,Liverpool,1.56,2.56,1.79,2.32,0,2,0,1,1,10,0,0,0,0,10,11,6,7,7,3,38,62,17,19,196,94,66,19,766,220,32,0,7,2,6,17.0,37.0,216.0,122.0,54.0,7.0,1013.0,164.0,17.0,1.0,14.0,2.0,0.0,A
171,Dec 22 2018 - 12:30pm,59493,Arsenal,Burnley,2.22,0.56,2.37,0.89,3,1,1,0,1,3,2,5,0,0,8,6,7,3,10,14,60,40,17,37,187,99,76,23,1016,200,33,0,10,2,3,17.0,15.0,121.0,58.0,94.0,33.0,676.0,165.0,32.0,0.0,3.0,2.0,11.0,H
174,Dec 22 2018 - 3:00pm,22394,Huddersfield Town,Southampton,0.56,0.44,0.47,0.84,1,3,0,2,8,2,2,3,0,0,11,13,6,7,12,9,62,38,17,10,158,72,63,28,834,186,26,2,2,2,11,17.0,16.0,191.0,98.0,70.0,32.0,783.0,185.0,37.0,1.0,2.0,1.0,9.0,A
172,Dec 22 2018 - 3:00pm,10491,AFC Bournemouth,Brighton & Hove Albion,1.56,0.78,1.53,0.68,2,0,1,0,6,5,2,1,0,1,11,10,4,6,8,18,57,43,17,25,159,85,64,28,801,153,29,1,7,0,8,17.0,20.0,134.0,63.0,77.0,24.0,690.0,235.0,34.0,2.0,6.0,1.0,8.0,H
173,Dec 22 2018 - 3:00pm,40558,Chelsea,Leicester City,2.33,1.22,2.21,1.32,0,1,0,0,9,5,0,2,0,0,14,6,6,4,10,9,72,28,17,35,204,110,57,14,1108,153,26,0,11,1,2,17.0,21.0,173.0,91.0,54.0,21.0,877.0,171.0,30.0,4.0,6.0,2.0,7.0,A
175,Dec 22 2018 - 3:00pm,54340,Manchester City,Crystal Palace,3.0,0.78,2.84,1.53,2,3,1,2,13,0,0,4,0,0,15,6,6,4,7,6,78,22,17,48,237,139,46,10,1153,149,16,0,14,2,1,17.0,14.0,175.0,84.0,58.0,23.0,811.0,190.0,30.0,1.0,4.0,1.0,10.0,A
176,Dec 22 2018 - 3:00pm,51237,Newcastle United,Fulham,0.67,0.11,1.32,0.26,0,0,0,0,6,0,1,2,0,0,6,3,0,3,9,12,53,47,17,14,155,77,66,22,673,207,26,2,4,4,9,17.0,16.0,182.0,85.0,86.0,42.0,826.0,198.0,29.0,2.0,2.0,1.0,12.0,D
177,Dec 22 2018 - 3:00pm,56833,West Ham United,Watford,1.44,1.13,1.63,1.21,0,2,0,1,10,4,3,2,0,0,13,7,8,6,9,11,51,49,17,25,164,91,81,25,794,163,34,1,7,2,7,17.0,23.0,167.0,88.0,56.0,25.0,802.0,186.0,30.0,2.0,7.0,3.0,7.0,A
178,Dec 22 2018 - 5:30pm,33028,Cardiff City,Manchester United,1.44,1.22,1.05,1.58,1,5,1,3,4,7,2,1,0,0,9,14,4,10,13,13,25,75,17,17,167,71,83,33,624,162,25,1,4,1,11,17.0,29.0,182.0,119.0,77.0,29.0,910.0,212.0,36.0,2.0,7.0,2.0,5.0,A
179,Dec 23 2018 - 4:00pm,39319,Everton,Tottenham Hotspur,2.0,2.4,1.79,1.74,2,6,1,3,2,1,0,2,0,0,9,16,4,9,13,9,41,59,17,24,185,92,61,22,879,182,22,2,6,3,5,17.0,31.0,186.0,104.0,77.0,16.0,964.0,191.0,22.0,1.0,13.0,0.0,4.0,A
180,Dec 26 2018 - 12:30pm,24382,Fulham,Wolverhampton Wanderers,1.0,1.38,1.11,1.21,1,1,0,0,2,0,2,1,0,0,11,13,6,6,9,6,29,71,18,16,185,88,86,42,873,210,31,2,2,2,12,18.0,19.0,206.0,100.0,71.0,21.0,804.0,227.0,32.0,0.0,7.0,2.0,7.0,D
186,Dec 26 2018 - 3:00pm,45154,Tottenham Hotspur,AFC Bournemouth,2.14,1.13,2.0,0.84,5,0,3,0,3,4,2,1,0,0,10,11,8,5,5,8,56,44,18,37,202,113,79,18,1023,200,24,1,14,0,4,18.0,27.0,170.0,89.0,70.0,28.0,858.0,161.0,31.0,1.0,8.0,0.0,8.0,H
181,Dec 26 2018 - 3:00pm,21484,Burnley,Everton,0.88,0.75,1.21,1.05,1,5,1,3,5,7,2,4,0,0,11,10,5,7,11,19,49,51,18,16,127,61,98,36,716,179,37,0,3,2,12,18.0,26.0,194.0,96.0,64.0,28.0,920.0,195.0,22.0,2.0,6.0,3.0,6.0,A
182,Dec 26 2018 - 3:00pm,25206,Crystal Palace,Cardiff City,1.0,0.13,1.05,0.74,0,0,0,0,12,1,0,3,0,0,18,9,6,5,9,11,62,38,18,17,181,88,62,25,833,196,34,1,5,1,10,18.0,18.0,176.0,75.0,88.0,38.0,649.0,175.0,27.0,1.0,4.0,1.0,12.0,D
183,Dec 26 2018 - 3:00pm,32090,Leicester City,Manchester City,1.38,2.13,1.42,2.32,2,1,1,1,3,7,2,2,0,1,10,9,6,5,5,8,33,67,18,22,179,95,60,21,905,180,32,4,7,2,7,18.0,50.0,252.0,145.0,47.0,13.0,1231.0,156.0,16.0,0.0,14.0,2.0,2.0,H
185,Dec 26 2018 - 3:00pm,74523,Manchester United,Huddersfield Town,1.88,0.63,1.89,0.37,3,1,1,0,5,3,1,1,0,0,13,10,11,3,9,13,64,36,18,34,196,129,80,30,985,225,37,2,8,2,5,18.0,11.0,169.0,78.0,67.0,31.0,896.0,198.0,28.0,2.0,2.0,2.0,12.0,H
184,Dec 26 2018 - 3:00pm,53318,Liverpool,Newcastle United,2.75,1.25,2.79,1.05,4,0,1,0,10,2,0,0,0,0,13,7,9,3,7,10,75,25,18,39,227,129,60,7,1075,167,17,1,15,2,0,18.0,14.0,161.0,77.0,69.0,22.0,726.0,216.0,27.0,2.0,4.0,4.0,9.0,H
187,Dec 26 2018 - 5:15pm,30608,Brighton & Hove Albion,Arsenal,1.75,1.75,1.21,1.32,1,1,1,1,4,9,2,1,0,0,12,6,4,5,10,4,32,68,18,20,144,69,79,26,733,253,35,3,6,1,9,18.0,40.0,195.0,106.0,78.0,24.0,1076.0,210.0,35.0,0.0,11.0,2.0,3.0,D
188,Dec 26 2018 - 7:30pm,20415,Watford,Chelsea,1.67,2.0,1.42,1.58,1,2,1,1,3,4,1,0,0,0,9,10,3,5,15,5,35,65,18,25,174,94,64,25,851,197,32,2,8,3,7,18.0,35.0,218.0,116.0,60.0,15.0,1180.0,163.0,26.0,0.0,11.0,1.0,3.0,A
189,Dec 27 2018 - 7:45pm,31654,Southampton,West Ham United,1.0,1.38,1.21,1.11,1,2,0,0,4,6,2,0,0,0,9,12,6,6,10,3,45,55,18,19,204,105,75,33,821,194,40,1,3,1,9,18.0,25.0,177.0,99.0,85.0,27.0,845.0,172.0,37.0,1.0,7.0,2.0,8.0,A
191,Dec 29 2018 - 3:00pm,24423,Fulham,Huddersfield Town,1.0,0.56,1.11,0.37,1,0,0,0,4,3,3,1,0,0,13,7,6,6,12,10,43,57,19,17,196,94,91,43,902,219,33,2,2,2,12,19.0,12.0,179.0,81.0,75.0,34.0,932.0,211.0,29.0,2.0,2.0,2.0,13.0,H
192,Dec 29 2018 - 3:00pm,32047,Leicester City,Cardiff City,1.56,0.22,1.42,0.74,0,1,0,0,10,4,0,2,0,0,11,7,8,4,14,16,62,38,19,24,189,101,64,22,938,185,34,4,8,2,7,19.0,18.0,185.0,80.0,94.0,38.0,687.0,186.0,30.0,1.0,4.0,2.0,12.0,A
193,Dec 29 2018 - 3:00pm,46356,Tottenham Hotspur,Wolverhampton Wanderers,2.25,1.33,2.0,1.21,1,3,1,0,6,7,3,2,0,0,8,9,4,5,7,7,60,40,19,42,212,121,84,18,1079,205,26,1,15,0,4,19.0,20.0,219.0,106.0,76.0,22.0,875.0,233.0,33.0,0.0,7.0,3.0,7.0,A
194,Dec 29 2018 - 3:00pm,20336,Watford,Newcastle United,1.5,1.11,1.42,1.05,1,1,0,1,3,6,1,2,0,0,8,7,6,3,17,16,62,38,19,26,183,97,67,27,886,212,33,2,8,3,8,19.0,14.0,168.0,80.0,74.0,26.0,751.0,226.0,27.0,2.0,4.0,4.0,10.0,D
190,Dec 29 2018 - 3:00pm,30597,Brighton & Hove Albion,Everton,1.67,1.0,1.21,1.05,1,0,0,0,6,6,0,2,0,0,7,11,4,5,10,11,44,56,19,21,156,73,83,27,765,263,37,3,6,1,9,19.0,31.0,204.0,103.0,68.0,29.0,971.0,214.0,26.0,2.0,7.0,3.0,6.0,H
195,Dec 29 2018 - 5:30pm,53326,Liverpool,Arsenal,2.78,1.67,2.79,1.32,5,1,4,1,5,3,1,2,0,0,14,6,11,3,8,13,47,53,19,43,240,138,63,7,1150,174,17,1,16,2,0,19.0,41.0,201.0,111.0,81.0,25.0,1144.0,214.0,36.0,0.0,11.0,3.0,3.0,H
196,Dec 30 2018 - 12:00pm,25781,Crystal Palace,Chelsea,1.0,2.11,1.05,1.58,0,1,0,0,3,4,0,1,0,0,3,9,0,5,11,8,34,66,19,17,199,94,67,25,895,205,34,1,5,1,10,19.0,37.0,228.0,121.0,62.0,16.0,1245.0,168.0,26.0,0.0,12.0,1.0,3.0,A
197,Dec 30 2018 - 2:15pm,20933,Burnley,West Ham United,0.78,1.56,1.21,1.11,2,0,2,0,5,5,1,4,0,0,15,7,6,5,15,11,43,57,19,17,138,66,100,41,765,190,39,0,3,2,13,19.0,27.0,189.0,105.0,90.0,28.0,900.0,175.0,37.0,1.0,8.0,2.0,8.0,H
198,Dec 30 2018 - 2:15pm,31381,Southampton,Manchester City,0.89,1.89,1.21,2.32,1,3,1,3,3,8,2,3,1,0,6,11,5,7,11,10,23,77,19,20,213,111,79,35,866,204,42,1,3,1,10,19.0,51.0,261.0,150.0,51.0,15.0,1298.0,164.0,18.0,1.0,14.0,2.0,3.0,A
199,Dec 30 2018 - 4:30pm,74556,Manchester United,AFC Bournemouth,2.0,1.0,1.89,0.84,4,1,3,1,4,5,2,0,1,0,9,6,9,4,10,7,64,36,19,37,209,140,82,31,1049,234,38,2,9,2,5,19.0,27.0,181.0,94.0,73.0,33.0,902.0,169.0,32.0,1.0,8.0,0.0,9.0,H
240,Feb 02 2019 - 12:30pm,41219,Tottenham Hotspur,Newcastle United,1.91,1.0,2.0,1.05,1,0,0,0,6,3,0,1,0,0,13,6,5,3,6,6,71,29,24,50,271,152,103,24,1416,240,33,1,18,0,6,24.0,21.0,214.0,100.0,96.0,32.0,934.0,285.0,33.0,2.0,6.0,5.0,12.0,H
245,Feb 02 2019 - 3:00pm,39380,Everton,Wolverhampton Wanderers,1.75,1.36,1.79,1.21,1,3,1,2,3,1,3,1,0,0,7,7,5,5,12,14,64,36,24,35,251,124,89,33,1239,268,41,3,9,3,9,24.0,30.0,262.0,131.0,93.0,31.0,1089.0,271.0,46.0,1.0,10.0,3.0,9.0,A
244,Feb 02 2019 - 3:00pm,25355,Crystal Palace,Fulham,0.82,0.17,1.05,0.26,2,0,1,0,11,1,2,3,0,0,12,8,7,0,9,12,37,63,24,24,246,114,84,33,1105,250,40,2,6,2,13,24.0,25.0,255.0,124.0,112.0,53.0,1132.0,272.0,43.0,2.0,4.0,2.0,15.0,H
243,Feb 02 2019 - 3:00pm,40626,Chelsea,Huddersfield Town,2.08,0.55,2.21,0.37,5,0,2,0,11,2,0,0,0,0,16,4,8,3,8,5,65,35,24,40,276,150,75,23,1580,211,31,0,14,1,5,24.0,13.0,214.0,99.0,94.0,41.0,1183.0,269.0,35.0,3.0,2.0,3.0,17.0,H
241,Feb 02 2019 - 3:00pm,30414,Brighton & Hove Albion,Watford,1.64,1.33,1.21,1.21,0,0,0,0,7,0,1,0,0,0,18,6,5,0,15,10,55,45,24,27,196,95,105,36,967,315,41,3,7,2,12,24.0,33.0,228.0,117.0,91.0,34.0,1122.0,278.0,47.0,2.0,9.0,4.0,9.0,D
242,Feb 02 2019 - 3:00pm,19787,Burnley,Southampton,1.18,0.92,1.21,0.84,1,1,0,0,4,2,3,1,0,0,10,8,7,5,10,9,54,46,24,25,192,92,124,45,979,237,50,1,6,4,13,24.0,26.0,251.0,133.0,101.0,41.0,1044.0,258.0,52.0,3.0,5.0,2.0,11.0,D
246,Feb 02 2019 - 5:30pm,31939,Cardiff City,AFC Bournemouth,1.17,0.82,1.05,0.84,2,0,1,0,6,7,1,2,0,0,6,8,6,3,17,14,26,74,24,20,217,93,114,46,866,238,40,1,5,2,15,24.0,37.0,243.0,132.0,91.0,42.0,1115.0,207.0,34.0,1.0,10.0,0.0,11.0,H
247,Feb 03 2019 - 2:05pm,32148,Leicester City,Manchester United,1.27,1.67,1.42,1.58,0,1,0,1,7,2,4,4,0,0,15,9,7,7,14,9,44,56,24,30,240,131,79,30,1195,230,43,4,9,3,10,24.0,48.0,280.0,182.0,107.0,35.0,1348.0,282.0,46.0,3.0,13.0,2.0,5.0,A
248,Feb 03 2019 - 4:30pm,54483,Manchester City,Arsenal,2.75,1.36,2.84,1.32,3,1,2,1,4,2,1,1,0,0,16,3,13,3,11,8,58,42,24,63,317,182,64,19,1645,208,31,1,18,2,4,24.0,50.0,255.0,138.0,98.0,33.0,1420.0,271.0,43.0,0.0,14.0,3.0,5.0,H
249,Feb 04 2019 - 8:00pm,59903,West Ham United,Liverpool,1.42,2.42,1.63,2.32,1,1,1,1,2,5,1,1,0,0,10,10,3,7,9,11,26,74,24,30,232,123,112,37,1160,222,43,1,9,2,11,24.0,55.0,297.0,173.0,71.0,14.0,1461.0,213.0,22.0,2.0,19.0,2.0,1.0,D
250,Feb 06 2019 - 7:45pm,39322,Everton,Manchester City,1.62,1.92,1.79,2.32,0,2,0,1,5,6,1,1,0,0,2,9,2,5,12,6,38,62,25,36,258,129,91,36,1303,280,44,3,9,3,10,25.0,66.0,333.0,195.0,66.0,20.0,1703.0,219.0,32.0,1.0,19.0,2.0,4.0,A
251,Feb 09 2019 - 12:30pm,25001,Fulham,Manchester United,1.25,1.77,1.11,1.58,0,3,0,2,5,4,3,2,0,0,11,12,4,8,14,9,51,49,25,25,263,124,117,55,1195,284,46,2,4,2,16,25.0,49.0,289.0,189.0,114.0,35.0,1404.0,291.0,50.0,3.0,14.0,2.0,5.0,A
255,Feb 09 2019 - 3:00pm,31438,Southampton,Cardiff City,1.0,0.42,1.21,0.74,1,2,0,0,8,2,3,3,0,0,13,7,8,4,15,12,66,34,25,27,259,138,107,42,1090,267,53,3,5,3,11,25.0,22.0,223.0,99.0,117.0,46.0,892.0,255.0,41.0,1.0,6.0,2.0,15.0,A
254,Feb 09 2019 - 3:00pm,53178,Liverpool,AFC Bournemouth,2.67,0.75,2.79,0.84,3,0,2,0,8,5,2,2,0,0,16,8,10,3,14,6,65,35,25,56,307,180,73,15,1535,224,23,2,19,3,1,25.0,37.0,251.0,135.0,95.0,44.0,1189.0,221.0,36.0,1.0,10.0,0.0,12.0,H
253,Feb 09 2019 - 3:00pm,24182,Huddersfield Town,Arsenal,0.38,1.25,0.47,1.32,1,2,0,2,5,0,3,2,0,0,14,9,8,5,17,12,54,46,25,13,218,102,97,46,1218,274,35,3,2,3,18,25.0,51.0,258.0,141.0,108.0,36.0,1462.0,279.0,44.0,0.0,14.0,3.0,6.0,A
256,Feb 09 2019 - 3:00pm,20333,Watford,Everton,1.42,1.0,1.42,1.05,1,0,0,0,8,2,2,1,0,1,6,9,3,5,21,10,44,56,25,33,234,117,96,34,1167,288,47,2,9,5,9,26.0,36.0,260.0,131.0,94.0,38.0,1341.0,292.0,45.0,3.0,9.0,3.0,11.0,H
252,Feb 09 2019 - 3:00pm,25552,Crystal Palace,West Ham United,1.0,1.17,1.05,1.11,1,1,0,1,10,4,3,0,0,0,16,5,6,5,12,9,57,43,25,26,258,121,84,33,1142,259,42,2,7,2,13,25.0,31.0,242.0,126.0,118.0,38.0,1186.0,231.0,44.0,1.0,9.0,2.0,11.0,D
257,Feb 09 2019 - 5:30pm,29323,Brighton & Hove Albion,Burnley,1.58,0.77,1.21,0.89,1,3,0,1,9,3,1,1,0,0,11,8,7,6,8,7,68,32,25,27,214,100,105,36,1022,330,42,3,7,2,12,25.0,26.0,202.0,99.0,128.0,46.0,1033.0,247.0,53.0,1.0,6.0,4.0,13.0,A
258,Feb 10 2019 - 1:30pm,44154,Tottenham Hotspur,Leicester City,2.0,1.38,2.0,1.32,3,1,1,0,2,9,3,1,0,0,8,19,6,10,11,4,53,47,25,51,284,157,106,24,1487,246,33,1,19,0,6,25.0,30.0,255.0,138.0,85.0,31.0,1239.0,244.0,47.0,4.0,9.0,3.0,11.0,H
259,Feb 10 2019 - 4:00pm,54452,Manchester City,Chelsea,2.77,1.83,2.84,1.58,6,0,4,0,2,2,1,2,0,0,15,8,10,5,9,13,55,45,26,68,342,200,68,20,1765,225,33,1,20,2,4,25.0,45.0,292.0,158.0,78.0,23.0,1645.0,219.0,31.0,0.0,15.0,1.0,5.0,H
260,Feb 11 2019 - 8:00pm,30687,Wolverhampton Wanderers,Newcastle United,1.54,0.92,1.79,1.05,1,1,0,0,13,1,1,3,0,0,15,6,7,4,7,9,59,41,25,33,269,136,97,32,1125,285,47,1,11,3,9,25.0,21.0,220.0,103.0,100.0,33.0,963.0,291.0,34.0,2.0,6.0,5.0,13.0,D
261,Feb 22 2019 - 7:45pm,30387,Cardiff City,Watford,1.31,1.31,1.05,1.21,1,5,0,1,3,3,1,2,0,0,12,12,7,8,10,11,35,65,26,24,230,103,124,47,926,267,44,1,7,2,15,26.0,34.0,240.0,120.0,101.0,34.0,1211.0,309.0,49.0,2.0,10.0,5.0,9.0,A
262,Feb 22 2019 - 7:45pm,59950,West Ham United,Fulham,1.38,0.15,1.63,0.26,3,1,2,1,12,0,1,1,0,0,17,8,8,6,11,11,55,45,26,32,247,131,123,39,1229,240,44,1,9,3,11,26.0,25.0,274.0,128.0,122.0,58.0,1246.0,298.0,49.0,2.0,4.0,2.0,17.0,H
263,Feb 23 2019 - 12:30pm,21338,Burnley,Tottenham Hotspur,1.17,2.54,1.21,1.74,2,1,0,0,7,6,1,3,0,0,8,12,5,7,9,12,30,70,26,29,210,105,134,47,1065,254,54,1,7,4,13,26.0,54.0,292.0,163.0,115.0,25.0,1540.0,257.0,36.0,1.0,20.0,0.0,6.0,H
264,Feb 23 2019 - 3:00pm,10671,AFC Bournemouth,Wolverhampton Wanderers,1.85,1.5,1.53,1.21,1,1,1,0,9,8,4,5,0,0,9,8,4,3,10,15,44,56,26,37,259,138,102,47,1224,227,38,1,10,0,13,26.0,34.0,284.0,143.0,100.0,33.0,1184.0,292.0,48.0,1.0,11.0,3.0,9.0,D
265,Feb 23 2019 - 3:00pm,52174,Newcastle United,Huddersfield Town,1.0,0.5,1.32,0.37,2,0,0,0,12,0,2,0,0,1,24,2,13,0,11,7,54,46,26,22,226,107,106,34,1004,300,37,2,6,6,13,26.0,14.0,232.0,110.0,100.0,48.0,1272.0,291.0,38.0,3.0,2.0,3.0,19.0,H
266,Feb 23 2019 - 5:30pm,31778,Leicester City,Crystal Palace,1.17,1.08,1.42,1.53,1,4,0,1,8,3,2,1,0,0,16,8,6,6,7,14,65,35,26,31,274,148,88,34,1286,248,48,4,9,3,12,26.0,27.0,274.0,127.0,88.0,34.0,1199.0,271.0,45.0,2.0,7.0,2.0,13.0,A
267,Feb 24 2019 - 2:05pm,59877,Arsenal,Southampton,2.46,0.92,2.37,0.84,2,0,2,0,6,4,0,0,0,0,9,8,5,5,7,14,62,38,26,53,267,146,115,37,1508,291,46,0,15,3,6,26.0,28.0,272.0,146.0,109.0,44.0,1156.0,282.0,56.0,3.0,5.0,3.0,12.0,H
268,Feb 24 2019 - 2:05pm,74519,Manchester United,Liverpool,2.08,2.31,1.89,2.32,0,0,0,0,3,7,1,3,0,0,5,6,4,2,15,17,35,65,26,52,301,197,118,35,1453,300,52,3,15,2,5,26.0,59.0,323.0,190.0,76.0,15.0,1600.0,238.0,25.0,2.0,20.0,3.0,1.0,D
269,Feb 26 2019 - 7:45pm,31849,Cardiff City,Everton,1.21,0.92,1.05,1.05,0,3,0,1,3,4,3,1,0,0,6,10,0,5,12,12,32,68,27,25,242,110,127,52,961,277,45,1,7,2,16,27.0,36.0,269.0,136.0,96.0,39.0,1397.0,302.0,46.0,4.0,9.0,3.0,12.0,A
270,Feb 26 2019 - 7:45pm,22714,Huddersfield Town,Wolverhampton Wanderers,0.36,1.46,0.47,1.21,1,0,0,0,3,5,2,2,0,0,13,6,4,0,10,10,49,51,27,14,234,110,111,50,1318,298,38,4,2,3,20,27.0,35.0,292.0,146.0,103.0,34.0,1240.0,307.0,53.0,1.0,11.0,4.0,9.0,H
271,Feb 26 2019 - 7:45pm,30558,Leicester City,Brighton & Hove Albion,1.08,0.62,1.42,0.68,2,1,1,0,4,8,1,1,0,0,13,13,4,4,6,4,49,51,27,32,290,154,90,38,1351,255,50,4,9,3,13,26.0,28.0,225.0,107.0,108.0,39.0,1090.0,338.0,43.0,3.0,7.0,2.0,13.0,H
272,Feb 26 2019 - 8:00pm,48323,Newcastle United,Burnley,1.14,0.93,1.32,0.89,2,0,2,0,4,7,1,3,0,0,13,9,4,3,8,8,54,46,27,24,250,120,106,34,1058,311,39,2,7,6,13,27.0,31.0,218.0,110.0,140.0,48.0,1095.0,263.0,55.0,1.0,8.0,4.0,13.0,H
273,Feb 27 2019 - 7:45pm,59618,Arsenal,AFC Bournemouth,2.5,0.69,2.37,0.84,5,1,2,1,9,4,2,2,0,0,12,9,8,6,11,9,64,36,27,55,276,151,120,37,1570,298,46,0,16,3,6,27.0,38.0,268.0,142.0,104.0,48.0,1268.0,237.0,42.0,1.0,10.0,0.0,13.0,H
274,Feb 27 2019 - 7:45pm,27597,Southampton,Fulham,0.92,0.14,1.21,0.26,2,0,2,0,7,4,0,1,0,0,12,9,5,5,15,13,40,60,27,28,280,151,112,46,1194,296,56,3,5,3,13,27.0,26.0,282.0,134.0,127.0,61.0,1291.0,309.0,50.0,2.0,4.0,2.0,18.0,H
277,Feb 27 2019 - 8:00pm,53316,Liverpool,Watford,2.69,1.43,2.79,1.21,5,0,2,0,6,4,0,2,0,0,15,5,11,4,5,7,61,39,27,59,329,192,80,15,1665,255,28,2,20,4,1,27.0,39.0,252.0,128.0,107.0,35.0,1276.0,320.0,51.0,2.0,11.0,5.0,9.0,H
275,Feb 27 2019 - 8:00pm,25754,Crystal Palace,Manchester United,1.0,1.86,1.05,1.58,1,3,0,1,5,6,2,3,0,0,14,10,3,5,8,9,45,55,27,31,282,133,93,35,1234,285,46,2,8,2,13,27.0,52.0,306.0,201.0,120.0,35.0,1488.0,315.0,53.0,3.0,15.0,2.0,5.0,A
278,Feb 27 2019 - 8:00pm,53528,Manchester City,West Ham United,2.79,1.15,2.84,1.11,1,0,0,0,13,2,0,2,0,0,18,3,8,2,2,6,75,25,27,74,357,210,73,20,1820,234,34,1,21,2,4,27.0,35.0,264.0,139.0,128.0,40.0,1284.0,251.0,45.0,1.0,10.0,3.0,11.0,H
276,Feb 27 2019 - 8:00pm,40542,Chelsea,Tottenham Hotspur,2.15,2.36,2.21,1.74,2,0,0,0,2,2,1,1,0,0,10,6,2,0,7,14,46,54,26,45,300,163,82,29,1690,232,33,0,15,1,6,27.0,55.0,304.0,170.0,118.0,27.0,1610.0,269.0,39.0,1.0,20.0,0.0,7.0,H
200,Jan 01 2019 - 12:30pm,39052,Everton,Leicester City,1.8,1.4,1.79,1.32,0,1,0,0,6,5,3,1,0,0,10,8,3,5,5,8,59,41,20,31,215,108,71,30,1027,225,28,2,7,3,7,20.0,24.0,200.0,109.0,67.0,23.0,1000.0,199.0,34.0,4.0,8.0,2.0,8.0,A
201,Jan 01 2019 - 3:00pm,59887,Arsenal,Fulham,2.3,0.2,2.37,0.26,4,1,1,0,8,3,0,1,0,0,14,9,10,5,7,12,59,41,20,42,207,114,87,30,1197,227,38,0,11,3,4,20.0,18.0,209.0,100.0,97.0,43.0,945.0,231.0,36.0,2.0,3.0,2.0,12.0,H
202,Jan 01 2019 - 5:30pm,32485,Cardiff City,Tottenham Hotspur,1.3,2.45,1.05,1.74,0,3,0,3,5,3,1,0,0,0,6,11,4,5,6,6,26,74,20,19,192,84,102,38,725,202,32,1,5,2,12,20.0,43.0,220.0,125.0,86.0,21.0,1139.0,212.0,29.0,1.0,15.0,0.0,5.0,A
205,Jan 02 2019 - 7:45pm,59870,West Ham United,Brighton & Hove Albion,1.3,0.7,1.63,0.68,2,2,0,0,1,5,0,1,0,0,13,9,7,7,9,11,54,46,20,27,196,110,94,30,957,186,41,1,8,2,9,20.0,22.0,163.0,77.0,88.0,27.0,809.0,273.0,37.0,3.0,7.0,1.0,9.0,D
204,Jan 02 2019 - 7:45pm,23715,Huddersfield Town,Burnley,0.5,0.5,0.47,0.89,1,2,1,1,5,2,1,4,1,1,6,16,3,9,11,9,42,58,20,12,186,87,80,35,989,221,30,2,2,2,14,20.0,19.0,153.0,72.0,105.0,41.0,808.0,205.0,40.0,0.0,4.0,2.0,13.0,A
203,Jan 02 2019 - 7:45pm,40668,Chelsea,Southampton,2.1,0.7,2.21,0.84,0,0,0,0,7,2,1,2,0,0,9,6,7,3,8,11,71,29,20,38,237,126,62,16,1311,176,27,0,13,1,3,20.0,21.0,219.0,116.0,83.0,38.0,889.0,215.0,44.0,2.0,3.0,1.0,11.0,D
206,Jan 02 2019 - 7:45pm,30666,Wolverhampton Wanderers,Crystal Palace,1.4,1.0,1.79,1.53,0,2,0,0,3,10,4,1,0,0,7,11,2,5,9,7,51,49,20,23,228,111,79,23,915,240,35,0,8,3,7,20.0,17.0,202.0,94.0,71.0,26.0,929.0,216.0,34.0,1.0,5.0,1.0,11.0,A
208,Jan 02 2019 - 8:00pm,52217,Newcastle United,Manchester United,0.7,1.4,1.32,1.58,0,2,0,0,1,2,1,2,0,0,12,14,4,8,10,9,34,66,20,15,175,83,79,27,789,242,29,2,4,5,10,20.0,41.0,218.0,149.0,85.0,32.0,1113.0,244.0,40.0,3.0,10.0,2.0,5.0,A
207,Jan 02 2019 - 8:00pm,10261,AFC Bournemouth,Watford,1.7,1.33,1.53,1.21,3,3,3,3,4,2,1,4,0,0,21,10,13,4,9,15,57,43,20,28,187,98,78,37,938,176,32,1,8,0,10,20.0,27.0,191.0,103.0,69.0,28.0,948.0,229.0,34.0,2.0,8.0,3.0,8.0,D
209,Jan 03 2019 - 8:00pm,54511,Manchester City,Liverpool,2.7,2.6,2.84,2.32,2,1,1,0,2,1,4,2,0,0,9,8,5,6,12,7,49,51,20,54,272,157,55,16,1375,174,21,1,15,2,3,20.0,48.0,254.0,149.0,65.0,8.0,1197.0,182.0,18.0,1.0,17.0,2.0,0.0,H
210,Jan 12 2019 - 12:30pm,59946,West Ham United,Arsenal,1.27,1.5,1.63,1.32,1,0,0,0,7,3,0,2,0,0,11,11,4,3,7,10,41,59,21,29,209,117,99,32,1011,195,41,1,8,2,9,21.0,46.0,221.0,124.0,91.0,31.0,1256.0,234.0,38.0,0.0,12.0,3.0,4.0,H
215,Jan 12 2019 - 3:00pm,31491,Leicester City,Southampton,1.4,0.73,1.42,0.84,1,2,0,2,10,3,2,2,0,1,15,7,7,4,7,9,71,29,21,25,208,114,70,23,1041,207,35,4,9,2,8,21.0,21.0,225.0,119.0,90.0,38.0,918.0,226.0,46.0,2.0,3.0,2.0,11.0,A
214,Jan 12 2019 - 3:00pm,25010,Crystal Palace,Watford,0.9,1.3,1.05,1.21,1,2,1,0,7,7,1,4,0,0,13,12,7,3,11,11,55,45,21,19,213,99,73,26,978,223,35,1,6,1,11,21.0,30.0,201.0,107.0,79.0,31.0,991.0,244.0,38.0,2.0,8.0,4.0,8.0,A
213,Jan 12 2019 - 3:00pm,30725,Cardiff City,Huddersfield Town,1.18,0.5,1.05,0.37,0,0,0,0,3,10,3,1,0,0,0,7,0,3,12,14,38,62,21,19,198,88,104,41,751,208,33,1,5,2,13,21.0,13.0,192.0,90.0,87.0,37.0,1031.0,232.0,31.0,3.0,2.0,2.0,15.0,D
212,Jan 12 2019 - 3:00pm,19316,Burnley,Fulham,1.0,0.18,1.21,0.26,2,1,2,1,2,6,1,2,0,0,7,9,2,5,5,9,41,59,21,21,169,81,107,42,866,214,44,1,5,2,13,21.0,19.0,218.0,105.0,103.0,47.0,986.0,243.0,37.0,2.0,3.0,2.0,13.0,H
211,Jan 12 2019 - 3:00pm,30862,Brighton & Hove Albion,Liverpool,1.8,2.36,1.21,2.32,0,1,0,0,2,7,0,0,0,0,6,9,0,4,15,5,29,71,21,24,172,84,93,29,855,284,38,3,7,2,9,21.0,49.0,262.0,155.0,68.0,10.0,1248.0,189.0,20.0,1.0,17.0,2.0,1.0,A
216,Jan 12 2019 - 5:30pm,40491,Chelsea,Newcastle United,2.0,1.1,2.21,1.05,2,1,1,1,8,5,1,1,0,0,9,9,7,3,6,13,65,35,21,38,246,133,65,16,1382,184,28,0,13,1,3,21.0,15.0,187.0,87.0,85.0,29.0,823.0,252.0,30.0,2.0,4.0,5.0,11.0,H
217,Jan 13 2019 - 2:15pm,38113,Everton,AFC Bournemouth,1.64,0.9,1.79,0.84,2,0,0,0,5,9,5,0,0,0,12,15,4,8,17,8,50,50,21,31,225,111,75,31,1086,230,31,2,7,3,8,21.0,31.0,208.0,111.0,79.0,40.0,995.0,185.0,33.0,1.0,8.0,0.0,10.0,H
218,Jan 13 2019 - 4:30pm,80062,Tottenham Hotspur,Manchester United,2.0,1.55,2.0,1.58,0,1,0,1,7,4,1,2,0,0,18,12,12,9,8,8,61,39,21,46,231,130,90,21,1213,218,29,1,16,0,5,21.0,43.0,232.0,157.0,89.0,32.0,1179.0,253.0,42.0,3.0,11.0,2.0,5.0,A
219,Jan 14 2019 - 8:00pm,54171,Manchester City,Wolverhampton Wanderers,2.73,1.5,2.84,1.21,3,0,2,0,12,1,1,0,0,1,17,2,10,0,6,3,76,24,21,56,281,162,60,17,1424,186,25,1,16,2,3,21.0,23.0,235.0,113.0,82.0,25.0,966.0,249.0,39.0,0.0,8.0,3.0,8.0,H
220,Jan 19 2019 - 12:30pm,31278,Wolverhampton Wanderers,Leicester City,1.27,1.55,1.79,1.32,4,3,2,0,5,9,3,3,0,0,11,12,8,7,11,10,45,55,22,23,237,113,89,28,990,252,39,1,8,3,9,22.0,26.0,223.0,121.0,72.0,25.0,1112.0,214.0,37.0,4.0,9.0,2.0,9.0,H
226,Jan 19 2019 - 3:00pm,19510,Watford,Burnley,1.45,0.73,1.42,0.89,0,0,0,0,1,7,1,2,0,0,8,11,5,4,14,9,54,46,22,32,213,110,85,32,1036,255,42,2,9,4,8,22.0,23.0,176.0,83.0,111.0,43.0,907.0,219.0,45.0,1.0,6.0,2.0,13.0,D
221,Jan 19 2019 - 3:00pm,10495,AFC Bournemouth,West Ham United,1.64,1.4,1.53,1.11,2,0,0,0,2,3,0,1,0,0,10,8,5,2,6,10,38,62,22,31,223,119,81,42,1045,193,33,1,8,0,11,22.0,30.0,220.0,121.0,102.0,32.0,1052.0,202.0,41.0,1.0,9.0,2.0,9.0,H
222,Jan 19 2019 - 3:00pm,53171,Liverpool,Crystal Palace,2.8,1.18,2.79,1.53,4,3,0,1,8,3,1,1,1,0,17,7,10,4,6,8,70,30,22,50,271,159,68,10,1319,194,20,1,18,2,1,22.0,20.0,226.0,106.0,74.0,28.0,1033.0,234.0,36.0,1.0,6.0,1.0,12.0,H
223,Jan 19 2019 - 3:00pm,74532,Manchester United,Brighton & Hove Albion,2.1,0.73,1.89,0.68,2,1,2,0,6,5,1,0,0,0,15,7,6,4,11,11,56,44,22,44,244,166,101,32,1218,261,44,3,12,2,5,22.0,24.0,178.0,84.0,96.0,30.0,884.0,299.0,38.0,3.0,7.0,2.0,10.0,H
224,Jan 19 2019 - 3:00pm,49864,Newcastle United,Cardiff City,0.64,0.5,1.32,0.74,3,0,1,0,7,10,0,1,0,0,12,7,7,2,11,6,53,47,22,16,196,90,90,31,858,265,31,2,4,5,12,22.0,19.0,198.0,88.0,107.0,41.0,789.0,220.0,36.0,1.0,5.0,2.0,13.0,H
225,Jan 19 2019 - 3:00pm,29989,Southampton,Everton,0.8,0.9,1.21,1.05,2,1,0,0,7,6,2,1,0,0,9,4,5,3,12,11,39,61,22,23,232,123,96,39,947,235,48,3,4,2,11,22.0,33.0,237.0,115.0,83.0,31.0,1136.0,247.0,36.0,2.0,8.0,3.0,8.0,H
227,Jan 19 2019 - 5:30pm,59979,Arsenal,Chelsea,2.36,2.2,2.37,1.58,2,0,2,0,5,6,0,2,0,0,13,11,6,2,13,15,35,65,22,46,232,127,94,32,1315,244,40,0,12,3,5,22.0,40.0,255.0,140.0,67.0,17.0,1447.0,190.0,29.0,0.0,14.0,1.0,3.0,H
228,Jan 20 2019 - 1:30pm,24190,Huddersfield Town,Manchester City,0.45,2.0,0.47,2.32,0,3,0,1,1,4,2,2,0,0,6,11,3,5,10,9,32,68,22,13,199,93,87,37,1093,246,32,3,2,3,15,22.0,59.0,298.0,172.0,60.0,17.0,1500.0,192.0,26.0,1.0,17.0,2.0,3.0,A
229,Jan 20 2019 - 4:00pm,24807,Fulham,Tottenham Hotspur,1.2,2.5,1.11,1.74,1,2,1,0,7,10,2,3,0,0,10,12,5,6,10,8,26,74,22,20,227,110,103,49,1045,252,39,2,3,2,14,22.0,46.0,249.0,142.0,98.0,22.0,1274.0,226.0,30.0,1.0,16.0,0.0,6.0,A
231,Jan 29 2019 - 7:45pm,22008,Fulham,Brighton & Hove Albion,1.09,0.67,1.11,0.68,4,2,0,2,10,1,2,3,0,0,18,11,9,7,10,5,61,39,23,21,237,115,107,51,1071,262,41,2,3,2,15,23.0,25.0,185.0,88.0,100.0,32.0,928.0,310.0,38.0,3.0,7.0,2.0,11.0,H
233,Jan 29 2019 - 7:45pm,31122,Wolverhampton Wanderers,West Ham United,1.42,1.27,1.79,1.11,3,0,0,0,5,1,4,1,0,0,14,4,10,0,8,10,54,46,23,27,248,121,93,31,1035,263,42,1,9,3,9,23.0,30.0,228.0,123.0,105.0,34.0,1114.0,212.0,42.0,1.0,9.0,2.0,10.0,H
232,Jan 29 2019 - 7:45pm,23699,Huddersfield Town,Everton,0.42,0.82,0.47,1.05,0,1,0,1,3,4,1,4,0,1,9,10,3,6,13,10,58,42,23,13,205,96,89,40,1125,256,34,3,2,3,16,23.0,34.0,241.0,118.0,86.0,33.0,1197.0,258.0,37.0,2.0,8.0,3.0,9.0,A
230,Jan 29 2019 - 7:45pm,59933,Arsenal,Cardiff City,2.42,0.45,2.37,0.74,2,1,0,0,4,7,3,3,0,0,10,12,5,3,14,12,70,30,23,48,245,133,96,32,1350,257,40,0,13,3,5,23.0,19.0,205.0,90.0,111.0,44.0,836.0,226.0,37.0,1.0,5.0,2.0,14.0,H
235,Jan 29 2019 - 8:00pm,50861,Newcastle United,Manchester City,0.83,2.09,1.32,2.32,2,1,0,1,1,8,2,3,0,0,6,8,3,5,9,7,23,77,23,19,208,97,92,31,911,276,31,2,5,5,12,23.0,62.0,309.0,177.0,63.0,17.0,1568.0,201.0,28.0,1.0,18.0,2.0,3.0,H
234,Jan 29 2019 - 8:00pm,74529,Manchester United,Burnley,2.18,0.75,1.89,0.89,2,2,0,0,11,3,1,3,0,0,21,5,10,5,10,9,74,26,23,46,259,172,104,33,1274,272,45,3,13,2,5,23.0,23.0,187.0,87.0,116.0,43.0,953.0,228.0,47.0,1.0,6.0,3.0,13.0,D
237,Jan 30 2019 - 7:45pm,28339,Southampton,Crystal Palace,1.0,1.08,1.21,1.53,1,1,0,1,3,8,2,3,0,1,10,13,5,4,11,8,58,42,23,25,241,128,98,40,986,247,50,3,5,2,11,23.0,23.0,233.0,110.0,80.0,32.0,1063.0,242.0,37.0,1.0,6.0,1.0,13.0,D
236,Jan 30 2019 - 7:45pm,10227,AFC Bournemouth,Chelsea,1.75,2.0,1.53,1.58,4,0,0,0,3,7,1,0,0,0,10,10,8,8,8,6,32,68,23,33,233,124,83,42,1083,199,33,1,9,0,11,23.0,40.0,266.0,142.0,71.0,19.0,1512.0,205.0,31.0,0.0,14.0,1.0,4.0,H
239,Jan 30 2019 - 8:00pm,29164,Tottenham Hotspur,Watford,1.8,1.45,2.0,1.21,2,1,0,1,9,5,0,4,0,0,10,7,4,2,6,9,68,32,23,48,261,148,102,23,1348,234,33,1,17,0,6,23.0,32.0,221.0,115.0,89.0,32.0,1090.0,269.0,43.0,2.0,9.0,4.0,8.0,H
238,Jan 30 2019 - 8:00pm,53092,Liverpool,Leicester City,2.82,1.42,2.79,1.32,1,1,1,1,7,1,1,3,0,0,9,5,4,3,13,6,72,28,23,54,288,169,69,13,1389,200,21,2,19,2,1,23.0,29.0,235.0,128.0,76.0,29.0,1167.0,224.0,40.0,4.0,9.0,2.0,10.0,D
279,Mar 02 2019 - 12:30pm,81332,Tottenham Hotspur,Arsenal,2.08,1.38,2.0,1.32,1,1,0,1,3,4,3,2,0,1,11,7,4,5,15,14,60,40,28,55,310,170,118,29,1664,283,40,1,20,0,8,28.0,60.0,288.0,159.0,125.0,38.0,1634.0,309.0,48.0,0.0,17.0,3.0,6.0,D
281,Mar 02 2019 - 3:00pm,30182,Brighton & Hove Albion,Huddersfield Town,1.46,0.46,1.21,0.37,1,0,0,0,6,3,2,2,0,0,11,5,5,5,11,6,52,48,27,29,238,111,110,41,1141,342,44,3,7,2,14,28.0,15.0,247.0,114.0,111.0,50.0,1367.0,308.0,40.0,4.0,3.0,3.0,20.0,H
280,Mar 02 2019 - 3:00pm,10699,AFC Bournemouth,Manchester City,1.79,2.0,1.53,2.32,0,1,0,0,0,14,1,2,0,0,0,18,0,8,7,7,18,82,28,39,277,148,107,53,1304,246,44,1,10,0,14,28.0,75.0,375.0,218.0,75.0,20.0,1895.0,236.0,34.0,1.0,22.0,2.0,4.0,A
283,Mar 02 2019 - 3:00pm,74459,Manchester United,Southampton,2.0,0.86,1.89,0.84,3,2,0,1,9,7,2,1,0,0,16,8,7,4,7,10,64,36,28,55,316,206,122,36,1543,324,56,3,16,2,5,28.0,30.0,292.0,156.0,117.0,46.0,1234.0,311.0,56.0,3.0,6.0,3.0,13.0,H
282,Mar 02 2019 - 3:00pm,19223,Burnley,Crystal Palace,1.31,1.21,1.21,1.53,1,3,0,1,8,5,1,2,0,0,15,9,5,5,9,9,56,44,28,31,227,113,142,50,1141,271,58,1,8,4,14,28.0,32.0,296.0,136.0,95.0,38.0,1279.0,293.0,48.0,2.0,8.0,2.0,14.0,A
284,Mar 02 2019 - 3:00pm,31309,Wolverhampton Wanderers,Cardiff City,1.5,0.62,1.79,0.74,2,0,2,0,7,8,1,2,0,0,12,9,7,5,11,6,56,44,28,35,298,146,106,35,1291,317,55,1,11,4,10,28.0,25.0,248.0,110.0,129.0,55.0,993.0,289.0,48.0,1.0,7.0,2.0,17.0,H
285,Mar 02 2019 - 5:30pm,59910,West Ham United,Newcastle United,1.5,0.92,1.63,1.05,2,0,2,0,1,6,3,4,0,0,8,9,5,3,8,14,55,45,28,35,267,141,135,41,1309,257,47,1,10,3,12,28.0,26.0,263.0,124.0,109.0,34.0,1112.0,319.0,40.0,2.0,8.0,6.0,13.0,H
286,Mar 03 2019 - 12:00pm,20062,Watford,Leicester City,1.54,1.29,1.42,1.32,2,1,1,0,1,5,5,1,0,0,6,9,6,3,15,12,39,61,28,39,257,132,113,40,1315,327,53,2,11,5,10,28.0,34.0,303.0,158.0,93.0,39.0,1400.0,261.0,51.0,4.0,10.0,3.0,13.0,H
287,Mar 03 2019 - 2:05pm,24900,Fulham,Chelsea,1.15,1.69,1.11,1.58,1,2,1,2,5,4,2,1,0,0,10,13,6,8,11,10,36,64,28,26,291,139,130,63,1351,322,51,2,4,2,19,27.0,47.0,310.0,165.0,82.0,29.0,1736.0,239.0,34.0,0.0,16.0,1.0,6.0,A
288,Mar 03 2019 - 4:15pm,39335,Everton,Liverpool,1.5,2.21,1.79,2.32,0,0,0,0,3,7,1,2,0,0,7,7,4,4,12,10,42,58,28,39,279,141,96,39,1465,314,47,4,10,3,12,28.0,64.0,344.0,203.0,84.0,15.0,1726.0,260.0,28.0,2.0,21.0,4.0,1.0,D
289,Mar 09 2019 - 12:30pm,24972,Crystal Palace,Brighton & Hove Albion,0.93,0.57,1.05,0.68,1,2,0,1,8,0,1,5,0,0,9,5,4,4,8,18,62,38,29,35,305,141,99,39,1323,302,50,2,9,2,14,28.0,30.0,249.0,116.0,115.0,41.0,1193.0,353.0,46.0,3.0,8.0,2.0,14.0,A
294,Mar 09 2019 - 3:00pm,31890,Southampton,Tottenham Hotspur,1.07,2.2,1.21,1.74,2,1,0,1,1,10,4,2,0,0,9,15,5,6,16,9,36,64,29,32,300,160,121,49,1270,321,57,3,6,3,14,29.0,56.0,321.0,174.0,122.0,30.0,1724.0,298.0,43.0,1.0,20.0,0.0,8.0,H
291,Mar 09 2019 - 3:00pm,22304,Huddersfield Town,AFC Bournemouth,0.53,0.64,0.47,0.84,0,2,0,1,6,5,3,1,0,0,5,9,2,6,14,9,56,44,29,15,252,119,115,51,1415,314,42,4,3,3,21,29.0,39.0,277.0,148.0,114.0,54.0,1322.0,253.0,45.0,1.0,10.0,0.0,15.0,A
292,Mar 09 2019 - 3:00pm,32017,Leicester City,Fulham,1.21,0.13,1.42,0.26,3,1,1,0,6,5,0,2,0,0,17,5,9,4,9,13,52,48,29,35,312,161,97,41,1461,273,52,4,10,3,14,29.0,27.0,301.0,145.0,136.0,65.0,1387.0,333.0,53.0,2.0,4.0,2.0,20.0,H
293,Mar 09 2019 - 3:00pm,52242,Newcastle United,Everton,1.27,1.07,1.32,1.05,3,2,0,2,8,2,3,1,0,0,15,6,8,4,13,10,45,55,29,26,272,127,112,36,1157,333,44,2,8,6,14,29.0,39.0,286.0,145.0,100.0,39.0,1507.0,326.0,48.0,4.0,10.0,3.0,12.0,H
290,Mar 09 2019 - 3:00pm,32458,Cardiff City,West Ham United,1.13,1.07,1.05,1.11,2,0,1,0,7,5,2,1,0,0,14,8,8,3,7,12,29,71,29,25,257,115,134,57,1037,295,50,1,7,2,18,29.0,37.0,275.0,146.0,138.0,41.0,1364.0,265.0,50.0,1.0,11.0,3.0,12.0,H
295,Mar 09 2019 - 5:30pm,54104,Manchester City,Watford,2.8,1.33,2.84,1.21,3,1,0,0,9,1,1,1,0,0,17,2,10,2,11,7,71,29,29,76,393,226,75,20,1977,243,36,1,23,2,4,29.0,41.0,263.0,138.0,115.0,41.0,1354.0,342.0,58.0,2.0,12.0,5.0,10.0,H
296,Mar 10 2019 - 12:00pm,53310,Liverpool,Burnley,2.71,0.87,2.79,0.89,4,2,2,1,7,3,2,0,0,0,14,3,6,3,4,7,68,32,29,64,351,207,88,15,1784,270,30,2,21,5,1,29.0,32.0,242.0,118.0,144.0,53.0,1197.0,280.0,59.0,1.0,8.0,4.0,15.0,H
297,Mar 10 2019 - 2:05pm,40692,Chelsea,Wolverhampton Wanderers,2.21,1.36,2.21,1.21,1,1,0,0,13,0,1,4,0,0,9,3,7,2,8,14,75,25,28,49,323,173,87,30,1800,249,35,0,17,1,6,29.0,37.0,310.0,153.0,111.0,35.0,1347.0,328.0,56.0,1.0,12.0,4.0,10.0,D
298,Mar 10 2019 - 4:30pm,60000,Arsenal,Manchester United,2.53,1.93,2.37,1.58,2,0,1,0,5,2,2,2,0,0,11,12,4,5,12,18,46,54,29,61,295,164,128,39,1674,323,50,1,17,4,6,29.0,58.0,332.0,213.0,124.0,38.0,1607.0,331.0,58.0,3.0,17.0,2.0,5.0,H
299,Mar 16 2019 - 3:00pm,10625,AFC Bournemouth,Newcastle United,1.67,0.86,1.53,1.05,2,2,0,1,6,6,3,2,0,0,11,9,4,5,9,12,48,52,30,41,286,154,116,54,1366,262,46,1,11,0,15,30.0,29.0,287.0,135.0,114.0,38.0,1202.0,346.0,47.0,2.0,9.0,6.0,14.0,D
300,Mar 16 2019 - 3:00pm,20719,Burnley,Leicester City,1.21,1.2,1.21,1.32,1,2,1,1,9,3,1,1,0,1,10,5,3,5,9,10,62,38,30,34,245,121,146,57,1229,287,59,1,8,4,16,30.0,38.0,329.0,170.0,100.0,42.0,1513.0,282.0,52.0,4.0,11.0,3.0,14.0,A
301,Mar 16 2019 - 3:00pm,59931,West Ham United,Huddersfield Town,1.6,0.43,1.63,0.37,4,3,1,2,5,8,0,2,0,0,11,12,6,6,7,15,64,36,30,37,283,149,144,43,1435,277,51,1,11,3,13,30.0,15.0,257.0,121.0,119.0,53.0,1471.0,328.0,45.0,4.0,3.0,3.0,22.0,H
302,Mar 17 2019 - 2:15pm,25043,Fulham,Liverpool,1.07,2.13,1.11,2.32,1,2,0,1,1,10,2,1,0,0,5,14,3,7,11,7,37,63,30,28,306,149,142,68,1435,346,55,2,4,2,21,30.0,68.0,365.0,213.0,89.0,17.0,1852.0,274.0,32.0,2.0,22.0,5.0,1.0,A
303,Mar 17 2019 - 4:30pm,39356,Everton,Chelsea,1.47,1.79,1.79,1.58,2,0,0,0,3,4,1,2,0,0,13,11,9,6,17,9,32,68,30,41,292,149,105,42,1562,336,49,4,10,3,13,29.0,50.0,332.0,180.0,88.0,31.0,1875.0,257.0,36.0,0.0,17.0,1.0,6.0,H
304,Mar 30 2019 - 12:30pm,25001,Fulham,Manchester City,1.0,2.07,1.11,2.32,0,2,0,2,0,11,2,0,0,0,4,16,0,8,4,12,34,66,31,29,311,152,147,70,1472,357,57,2,4,2,22,30.0,79.0,410.0,236.0,76.0,21.0,2048.0,254.0,37.0,1.0,24.0,2.0,4.0,A
306,Mar 30 2019 - 3:00pm,20990,Burnley,Wolverhampton Wanderers,1.13,1.33,1.21,1.21,2,0,1,0,1,5,1,1,0,0,5,5,2,2,12,10,37,63,31,35,255,124,149,59,1291,296,60,1,8,4,17,30.0,38.0,313.0,155.0,117.0,36.0,1372.0,342.0,60.0,1.0,12.0,5.0,10.0,H
307,Mar 30 2019 - 3:00pm,25193,Crystal Palace,Huddersfield Town,0.87,0.4,1.05,0.37,2,0,0,0,5,5,0,0,0,0,12,13,6,6,10,7,48,52,30,36,314,145,101,41,1385,310,51,2,9,2,15,31.0,18.0,269.0,127.0,121.0,57.0,1507.0,343.0,47.0,4.0,3.0,3.0,23.0,H
308,Mar 30 2019 - 3:00pm,31530,Leicester City,AFC Bournemouth,1.33,0.8,1.42,0.84,2,0,1,0,6,1,0,2,0,0,14,7,5,3,6,12,58,42,31,40,334,175,102,43,1551,292,53,5,12,3,14,31.0,43.0,297.0,158.0,119.0,56.0,1414.0,271.0,49.0,1.0,11.0,0.0,15.0,H
309,Mar 30 2019 - 3:00pm,74543,Manchester United,Watford,2.07,1.25,1.89,1.21,2,1,1,0,3,5,1,2,0,0,7,15,6,9,14,9,51,49,30,58,344,218,126,40,1661,349,60,3,17,2,6,30.0,42.0,265.0,140.0,122.0,44.0,1383.0,349.0,59.0,2.0,12.0,5.0,11.0,H
305,Mar 30 2019 - 3:00pm,30636,Brighton & Hove Albion,Southampton,1.57,0.8,1.21,0.84,0,1,0,0,6,5,1,2,0,0,11,7,2,3,8,10,60,40,29,32,254,120,118,42,1231,371,51,3,9,2,14,30.0,34.0,309.0,165.0,126.0,50.0,1306.0,337.0,61.0,3.0,7.0,3.0,14.0,A
310,Mar 30 2019 - 5:30pm,59988,West Ham United,Everton,1.69,1.0,1.63,1.05,0,2,0,2,4,9,1,1,0,0,4,14,2,10,7,14,49,51,31,41,294,155,147,46,1499,284,51,1,12,3,13,31.0,43.0,305.0,158.0,111.0,42.0,1594.0,353.0,50.0,4.0,11.0,3.0,13.0,A
311,Mar 31 2019 - 1:05pm,32657,Cardiff City,Chelsea,1.25,1.67,1.05,1.58,1,2,0,0,2,7,2,3,0,0,8,13,4,4,8,14,28,72,30,27,271,123,137,57,1066,302,52,1,8,2,18,30.0,50.0,343.0,186.0,95.0,33.0,1943.0,266.0,38.0,0.0,17.0,1.0,7.0,A
312,Mar 31 2019 - 3:30pm,53322,Liverpool,Tottenham Hotspur,2.73,2.06,2.79,1.74,2,1,1,0,10,3,0,1,0,0,12,10,4,3,5,8,48,52,31,70,379,220,91,18,1915,281,33,2,23,5,1,30.0,57.0,336.0,180.0,125.0,32.0,1788.0,307.0,45.0,1.0,20.0,0.0,9.0,H
360,May 03 2019 - 7:00pm,39303,Everton,Burnley,1.72,0.94,1.79,0.89,2,0,2,0,8,1,0,2,0,0,16,6,7,2,8,9,60,40,36,50,367,190,122,44,1859,411,54,4,14,4,14,36.0,44.0,291.0,142.0,171.0,63.0,1469.0,340.0,68.0,1.0,11.0,5.0,18.0,H
361,May 04 2019 - 11:30am,10630,AFC Bournemouth,Tottenham Hotspur,1.44,1.83,1.53,1.74,1,0,0,0,10,6,1,5,0,2,14,9,7,6,11,12,53,47,36,52,346,184,135,65,1670,321,59,1,12,1,18,36.0,65.0,415.0,216.0,144.0,36.0,2156.0,354.0,52.0,1.0,23.0,0.0,12.0,H
362,May 04 2019 - 2:00pm,59961,West Ham United,Southampton,1.56,0.89,1.63,0.84,3,0,1,0,2,7,1,1,0,0,13,5,7,2,2,11,56,44,36,45,337,177,173,54,1738,319,58,1,13,3,16,36.0,44.0,371.0,194.0,144.0,61.0,1548.0,401.0,72.0,3.0,9.0,4.0,16.0,H
363,May 04 2019 - 2:00pm,30456,Wolverhampton Wanderers,Fulham,1.72,0.28,1.79,0.26,1,0,0,0,7,1,1,3,0,0,16,6,7,3,10,15,39,61,36,46,374,178,127,44,1695,388,69,1,15,5,12,36.0,34.0,359.0,175.0,174.0,76.0,1724.0,402.0,66.0,2.0,7.0,2.0,24.0,H
364,May 04 2019 - 4:30pm,32133,Cardiff City,Crystal Palace,1.11,1.44,1.05,1.53,2,3,1,2,10,5,0,0,0,0,15,15,9,8,14,11,39,61,36,30,316,148,165,66,1257,354,63,1,9,2,23,36.0,43.0,361.0,167.0,134.0,48.0,1606.0,364.0,56.0,2.0,12.0,2.0,17.0,A
365,May 04 2019 - 6:45pm,52206,Newcastle United,Liverpool,1.39,2.28,1.32,2.32,2,3,1,2,2,3,1,1,0,0,11,11,8,5,10,4,30,70,36,36,342,163,131,45,1460,405,56,2,11,8,16,36.0,84.0,450.0,253.0,103.0,20.0,2238.0,308.0,38.0,2.0,28.0,5.0,1.0,A
366,May 05 2019 - 1:00pm,40650,Chelsea,Watford,2.17,1.28,2.21,1.21,3,0,0,0,6,6,0,1,0,0,16,14,10,4,6,12,58,42,36,60,418,221,116,39,2301,325,48,0,20,2,8,36.0,51.0,322.0,175.0,148.0,52.0,1685.0,411.0,76.0,3.0,14.0,5.0,14.0,H
367,May 05 2019 - 1:00pm,24263,Huddersfield Town,Manchester United,0.44,1.61,0.47,1.58,1,1,0,1,3,7,1,1,0,0,6,17,4,8,10,10,35,65,36,20,310,146,141,74,1708,404,54,4,3,3,28,36.0,64.0,396.0,244.0,151.0,51.0,1944.0,414.0,71.0,4.0,19.0,2.0,9.0,D
368,May 05 2019 - 3:30pm,59965,Arsenal,Brighton & Hove Albion,2.44,0.67,2.37,0.68,1,1,1,0,16,3,5,2,0,0,14,10,9,6,9,14,70,30,36,69,352,192,161,49,2090,400,67,2,20,4,10,36.0,33.0,304.0,134.0,139.0,55.0,1539.0,437.0,59.0,4.0,9.0,3.0,19.0,D
369,May 06 2019 - 7:00pm,54506,Manchester City,Leicester City,2.83,1.39,2.84,1.32,1,0,0,0,11,0,3,2,0,0,16,5,6,3,12,5,61,39,36,90,498,282,88,22,2459,308,41,1,30,2,4,36.0,51.0,407.0,215.0,118.0,47.0,1854.0,337.0,58.0,5.0,15.0,4.0,15.0,H
371,May 12 2019 - 2:00pm,21461,Burnley,Arsenal,1.28,1.22,1.21,1.32,1,3,0,0,4,5,5,1,0,0,12,11,6,7,11,3,39,61,37,44,297,144,176,65,1509,349,70,1,11,5,19,37.0,70.0,366.0,201.0,166.0,50.0,2160.0,409.0,72.0,2.0,20.0,4.0,10.0,A
372,May 12 2019 - 2:00pm,25433,Crystal Palace,AFC Bournemouth,0.94,0.89,1.05,0.84,5,3,3,1,4,4,3,0,0,0,16,15,9,9,11,8,45,55,37,46,376,175,141,50,1667,375,56,2,13,2,17,37.0,53.0,360.0,191.0,141.0,65.0,1723.0,332.0,60.0,1.0,13.0,1.0,18.0,H
373,May 12 2019 - 2:00pm,24979,Fulham,Newcastle United,1.17,0.94,1.11,1.05,0,4,0,2,5,5,1,0,0,0,11,13,3,7,6,8,68,32,37,34,365,178,180,77,1785,417,69,2,7,2,25,37.0,38.0,353.0,171.0,133.0,48.0,1490.0,415.0,57.0,2.0,11.0,8.0,17.0,A
374,May 12 2019 - 2:00pm,32140,Leicester City,Chelsea,1.44,1.61,1.42,1.58,0,0,0,0,4,5,0,1,0,0,8,12,4,5,9,8,46,54,37,51,412,218,123,48,1893,342,60,5,15,4,16,37.0,63.0,434.0,231.0,120.0,39.0,2359.0,331.0,48.0,0.0,21.0,2.0,8.0,D
375,May 12 2019 - 2:00pm,53331,Liverpool,Wolverhampton Wanderers,2.78,1.28,2.79,1.21,2,0,1,0,4,1,0,2,0,0,11,7,6,3,3,11,59,41,37,87,461,258,109,22,2308,312,39,2,29,5,1,37.0,47.0,390.0,185.0,130.0,44.0,1734.0,398.0,70.0,1.0,16.0,5.0,12.0,H
376,May 12 2019 - 2:00pm,74457,Manchester United,Cardiff City,2.0,0.61,1.89,0.74,0,2,0,1,11,2,3,3,0,0,21,11,11,5,9,6,73,27,37,65,413,252,154,52,2009,424,72,4,19,3,9,37.0,32.0,331.0,157.0,170.0,69.0,1296.0,368.0,63.0,1.0,9.0,2.0,24.0,A
377,May 12 2019 - 2:00pm,30367,Southampton,Huddersfield Town,1.22,0.33,1.21,0.37,1,1,1,0,4,3,0,1,0,0,7,8,4,4,8,6,53,47,37,44,376,196,148,64,1592,412,73,3,9,4,17,37.0,21.0,316.0,150.0,148.0,75.0,1743.0,414.0,55.0,4.0,3.0,3.0,28.0,D
370,May 12 2019 - 2:00pm,30662,Brighton & Hove Albion,Manchester City,1.28,2.28,1.21,2.32,1,4,1,2,2,6,0,0,0,0,6,13,3,10,12,8,23,77,37,34,314,140,147,56,1569,451,61,4,9,4,19,37.0,91.0,514.0,288.0,91.0,22.0,2520.0,320.0,44.0,1.0,31.0,2.0,4.0,A
379,May 12 2019 - 2:00pm,20067,Watford,West Ham United,1.5,1.0,1.42,1.11,1,4,0,2,7,2,1,0,1,0,11,15,9,10,10,10,48,52,37,51,336,179,155,55,1727,423,77,3,14,5,15,37.0,48.0,350.0,184.0,175.0,54.0,1794.0,321.0,59.0,1.0,14.0,3.0,16.0,A
378,May 12 2019 - 2:00pm,60124,Tottenham Hotspur,Everton,2.06,1.06,2.0,1.05,2,2,1,0,7,4,0,2,0,0,9,13,4,10,10,13,55,45,37,65,424,222,150,37,2203,366,57,3,23,0,13,37.0,52.0,383.0,197.0,124.0,44.0,1919.0,419.0,54.0,4.0,15.0,4.0,14.0,D
100,Nov 03 2018 - 12:30pm,10792,AFC Bournemouth,Manchester United,2.2,1.4,1.53,1.58,1,2,1,1,9,5,4,3,0,0,11,15,8,9,12,12,48,52,10,19,104,54,35,12,489,91,14,1,6,0,2,10.0,17.0,112.0,73.0,43.0,17.0,561.0,124.0,21.0,2.0,5.0,1.0,3.0,A
103,Nov 03 2018 - 3:00pm,49157,Newcastle United,Watford,0.0,1.75,1.32,1.21,1,0,0,0,8,9,1,5,0,0,7,12,3,2,12,11,41,59,10,6,82,41,40,14,390,124,11,1,0,3,7,10.0,16.0,96.0,56.0,31.0,12.0,442.0,120.0,21.0,1.0,6.0,1.0,3.0,H
102,Nov 03 2018 - 3:00pm,38966,Everton,Brighton & Hove Albion,2.0,0.8,1.79,0.68,3,1,1,1,6,4,0,1,0,0,13,4,4,4,9,17,61,39,10,16,114,60,38,14,508,114,14,2,4,2,3,10.0,11.0,75.0,35.0,55.0,13.0,354.0,136.0,23.0,0.0,4.0,1.0,4.0,H
101,Nov 03 2018 - 3:00pm,30877,Cardiff City,Leicester City,0.8,1.2,1.05,1.32,0,1,0,0,6,12,2,2,0,0,11,10,3,6,13,12,40,60,10,9,93,40,46,23,343,102,13,1,1,1,7,10.0,16.0,103.0,58.0,37.0,16.0,517.0,105.0,18.0,3.0,4.0,0.0,5.0,A
104,Nov 03 2018 - 3:00pm,56862,West Ham United,Burnley,0.8,0.8,1.63,0.89,4,2,1,1,10,4,1,4,0,0,17,5,11,4,7,9,62,38,10,9,89,44,51,15,450,102,26,1,2,1,6,10.0,10.0,73.0,35.0,56.0,21.0,411.0,101.0,22.0,0.0,2.0,1.0,6.0,H
105,Nov 03 2018 - 5:30pm,59993,Arsenal,Liverpool,2.4,2.6,2.37,2.32,1,1,0,0,5,8,1,1,0,0,10,10,5,5,7,7,61,39,10,24,108,64,46,13,582,127,17,0,7,1,2,10.0,20.0,119.0,67.0,29.0,4.0,581.0,101.0,10.0,0.0,8.0,1.0,0.0,D
106,Nov 03 2018 - 7:45pm,31185,Wolverhampton Wanderers,Tottenham Hotspur,1.6,2.5,1.79,1.74,2,3,0,2,5,1,1,2,0,0,12,10,8,9,11,8,48,52,10,9,122,56,39,9,476,122,16,0,4,1,3,10.0,16.0,112.0,59.0,50.0,8.0,587.0,117.0,14.0,0.0,7.0,0.0,3.0,A
107,Nov 04 2018 - 3:00pm,53916,Manchester City,Southampton,3.0,0.8,2.84,0.84,6,1,4,1,4,4,1,1,0,0,14,12,9,7,14,9,67,33,10,27,156,91,23,3,679,85,12,0,8,2,0,10.0,6.0,108.0,54.0,41.0,14.0,460.0,118.0,21.0,1.0,1.0,1.0,5.0,H
108,Nov 04 2018 - 4:00pm,40407,Chelsea,Crystal Palace,2.2,1.2,2.21,1.53,3,1,1,0,4,2,0,1,0,0,12,5,7,3,6,13,73,27,10,24,132,71,33,7,672,92,9,0,7,1,0,10.0,7.0,98.0,49.0,38.0,13.0,486.0,114.0,18.0,1.0,2.0,0.0,6.0,H
109,Nov 05 2018 - 8:00pm,17082,Huddersfield Town,Fulham,0.2,0.2,0.47,0.26,1,0,1,0,5,4,1,2,0,0,9,5,3,2,11,8,45,55,10,4,81,38,39,21,478,112,15,1,0,2,7,10.0,11.0,110.0,50.0,48.0,28.0,534.0,113.0,19.0,1.0,1.0,1.0,7.0,H
110,Nov 10 2018 - 12:30pm,29402,Cardiff City,Brighton & Hove Albion,0.67,0.67,1.05,0.68,2,1,1,1,4,1,2,1,0,1,16,6,7,4,7,21,60,40,11,9,104,43,51,24,383,115,15,1,1,1,8,11.0,12.0,79.0,39.0,56.0,16.0,393.0,153.0,24.0,0.0,4.0,1.0,5.0,H
111,Nov 10 2018 - 3:00pm,24069,Huddersfield Town,West Ham United,0.67,0.8,0.47,1.11,1,1,1,0,5,6,1,1,0,0,15,10,8,6,9,8,43,57,11,5,90,41,41,21,523,123,16,1,1,2,7,11.0,13.0,106.0,55.0,53.0,17.0,512.0,109.0,27.0,1.0,3.0,1.0,6.0,D
112,Nov 10 2018 - 3:00pm,32184,Leicester City,Burnley,1.4,0.67,1.42,0.89,0,0,0,0,12,1,2,0,0,0,15,5,6,2,13,10,63,37,11,17,113,64,40,16,577,117,20,3,5,0,5,11.0,12.0,78.0,39.0,63.0,25.0,449.0,110.0,26.0,0.0,2.0,1.0,7.0,D
113,Nov 10 2018 - 3:00pm,49266,Newcastle United,AFC Bournemouth,0.5,1.8,1.32,0.84,2,1,2,1,7,10,2,1,0,0,15,10,7,5,9,11,39,61,11,7,89,44,42,14,431,136,12,1,1,3,7,11.0,20.0,115.0,62.0,42.0,14.0,537.0,103.0,18.0,1.0,6.0,0.0,3.0,H
114,Nov 10 2018 - 3:00pm,28153,Southampton,Watford,0.6,1.4,1.21,1.21,1,1,1,0,7,6,3,2,0,0,11,10,5,7,13,13,42,58,11,7,120,61,44,20,493,127,22,1,1,1,6,11.0,16.0,108.0,58.0,33.0,13.0,501.0,131.0,26.0,1.0,6.0,1.0,4.0,D
115,Nov 10 2018 - 5:30pm,25685,Crystal Palace,Tottenham Hotspur,0.4,2.57,1.05,1.74,0,1,0,0,10,6,1,1,0,0,11,9,6,3,12,9,35,65,11,8,103,52,42,16,513,127,19,1,2,0,7,11.0,19.0,122.0,68.0,56.0,10.0,639.0,125.0,16.0,0.0,8.0,0.0,3.0,A
116,Nov 11 2018 - 12:00pm,53128,Liverpool,Fulham,2.6,0.17,2.79,0.26,2,0,1,0,6,3,1,1,0,0,15,8,8,4,11,9,73,27,11,21,129,72,33,5,620,108,11,0,8,2,0,11.0,11.0,115.0,52.0,50.0,29.0,589.0,121.0,21.0,1.0,1.0,1.0,8.0,H
117,Nov 11 2018 - 2:15pm,40345,Chelsea,Everton,2.33,1.0,2.21,1.05,0,0,0,0,5,5,4,3,0,0,12,5,5,2,7,11,68,32,11,27,144,78,35,8,745,98,9,0,8,1,0,11.0,19.0,127.0,64.0,41.0,15.0,569.0,123.0,14.0,2.0,5.0,2.0,3.0,D
118,Nov 11 2018 - 4:30pm,60030,Arsenal,Wolverhampton Wanderers,2.17,1.4,2.37,1.21,1,1,0,1,11,2,2,2,0,0,7,12,4,6,9,16,71,29,11,25,118,69,50,14,643,134,18,0,7,1,2,11.0,11.0,134.0,64.0,45.0,12.0,524.0,133.0,17.0,0.0,4.0,1.0,4.0,D
119,Nov 11 2018 - 4:30pm,54316,Manchester City,Manchester United,3.0,1.67,2.84,1.58,3,1,1,0,5,1,1,1,0,0,12,3,6,2,12,12,64,36,11,33,170,100,29,4,746,99,13,0,9,2,0,11.0,19.0,127.0,82.0,50.0,18.0,613.0,136.0,24.0,2.0,6.0,1.0,3.0,H
123,Nov 24 2018 - 3:00pm,74516,Manchester United,Crystal Palace,2.0,1.0,1.89,1.53,0,0,0,0,10,3,1,2,0,0,10,12,6,3,13,12,59,41,12,20,130,84,53,21,649,148,25,2,6,1,4,12.0,8.0,114.0,58.0,44.0,17.0,548.0,139.0,20.0,1.0,2.0,0.0,8.0,D
120,Nov 24 2018 - 3:00pm,30553,Brighton & Hove Albion,Leicester City,2.0,1.5,1.21,1.32,1,1,1,0,6,1,3,2,0,1,12,7,4,4,10,7,54,46,12,13,85,43,61,18,433,174,25,1,4,1,6,12.0,17.0,128.0,70.0,42.0,16.0,640.0,130.0,22.0,3.0,5.0,0.0,5.0,D
121,Nov 24 2018 - 3:00pm,39139,Everton,Cardiff City,2.17,0.2,1.79,0.74,1,0,0,0,7,3,0,3,0,0,14,6,9,2,12,13,70,30,12,19,132,66,46,15,601,134,17,2,5,3,3,12.0,11.0,120.0,50.0,54.0,25.0,443.0,122.0,17.0,1.0,2.0,1.0,8.0,H
125,Nov 24 2018 - 3:00pm,56886,West Ham United,Manchester City,1.17,2.2,1.63,2.32,0,4,0,3,8,1,0,0,0,0,7,9,2,7,6,3,30,70,12,14,116,61,60,18,569,117,28,1,3,2,6,12.0,36.0,182.0,106.0,30.0,5.0,810.0,111.0,14.0,0.0,10.0,2.0,0.0,A
124,Nov 24 2018 - 3:00pm,20540,Watford,Liverpool,2.0,2.33,1.42,2.32,0,3,0,0,5,5,0,1,0,1,6,11,2,8,12,13,36,64,12,17,118,65,37,14,559,144,28,1,6,2,4,12.0,23.0,144.0,80.0,37.0,5.0,693.0,119.0,12.0,0.0,9.0,2.0,0.0,A
122,Nov 24 2018 - 3:00pm,24603,Fulham,Southampton,0.8,0.67,1.11,0.84,3,2,2,1,2,5,2,3,0,0,9,15,6,9,10,6,37,63,12,11,123,56,56,31,616,130,22,1,1,1,9,12.0,8.0,131.0,66.0,50.0,21.0,535.0,140.0,25.0,1.0,1.0,1.0,6.0,H
126,Nov 24 2018 - 5:30pm,55465,Tottenham Hotspur,Chelsea,1.5,2.6,2.0,1.58,3,1,2,0,4,4,0,3,0,0,16,8,10,3,19,12,39,61,12,20,131,71,62,10,704,134,17,0,9,0,3,12.0,27.0,156.0,83.0,37.0,8.0,813.0,105.0,13.0,0.0,8.0,1.0,0.0,H
127,Nov 25 2018 - 1:30pm,10792,AFC Bournemouth,Arsenal,1.83,2.0,1.53,1.32,1,2,1,1,5,8,2,1,0,0,8,16,6,5,6,9,41,59,12,21,125,67,47,16,598,114,19,1,6,0,4,12.0,26.0,125.0,73.0,55.0,15.0,714.0,143.0,20.0,0.0,7.0,1.0,2.0,A
128,Nov 25 2018 - 4:00pm,30130,Wolverhampton Wanderers,Huddersfield Town,1.33,0.4,1.79,0.37,0,2,0,1,3,5,1,2,0,0,10,11,4,7,9,8,44,56,12,12,146,70,48,13,553,149,19,0,4,2,4,12.0,6.0,105.0,49.0,46.0,22.0,566.0,132.0,17.0,1.0,1.0,2.0,7.0,A
129,Nov 26 2018 - 8:30pm,20628,Burnley,Newcastle United,0.8,0.6,1.21,1.05,1,2,1,2,5,5,0,1,0,0,13,12,5,4,6,11,56,44,12,12,83,41,69,25,486,120,26,0,2,2,7,12.0,9.0,104.0,51.0,46.0,15.0,470.0,145.0,14.0,1.0,2.0,3.0,7.0,A
130,Nov 30 2018 - 8:00pm,30213,Cardiff City,Wolverhampton Wanderers,1.0,1.33,1.05,1.21,2,1,0,1,7,6,1,2,0,0,12,14,4,5,3,12,47,53,13,11,126,52,62,26,473,135,20,1,2,1,9,13.0,12.0,156.0,74.0,53.0,15.0,597.0,158.0,20.0,0.0,4.0,2.0,5.0,H
69,Oct 01 2018 - 7:00pm,10199,AFC Bournemouth,Crystal Palace,2.33,2.0,1.53,1.53,2,1,1,0,3,3,3,4,0,0,10,7,6,3,9,12,44,56,6,10,63,31,23,11,287,59,8,1,3,0,2,6.0,4.0,59.0,33.0,28.0,6.0,280.0,64.0,9.0,1.0,2.0,0.0,3.0,H
70,Oct 05 2018 - 7:00pm,30544,Brighton & Hove Albion,West Ham United,1.33,1.0,1.21,1.11,1,0,1,0,2,9,3,2,0,0,9,12,5,5,12,8,35,65,7,8,52,25,35,13,248,96,15,0,1,1,4,7.0,8.0,55.0,30.0,38.0,12.0,305.0,81.0,20.0,0.0,2.0,0.0,4.0,H
72,Oct 06 2018 - 2:00pm,25715,Crystal Palace,Wolverhampton Wanderers,0.33,1.33,1.05,1.21,0,1,0,0,6,3,3,4,0,0,9,8,5,3,11,13,67,33,7,5,66,36,32,8,336,76,13,1,2,0,4,7.0,8.0,90.0,43.0,31.0,6.0,338.0,78.0,9.0,0.0,3.0,1.0,1.0,A
75,Oct 06 2018 - 2:00pm,20139,Watford,AFC Bournemouth,2.25,1.0,1.42,0.84,0,4,0,3,10,7,4,1,1,0,5,11,3,8,11,9,47,53,7,11,72,42,17,8,291,87,15,0,4,1,2,7.0,12.0,73.0,37.0,25.0,12.0,331.0,68.0,11.0,1.0,4.0,0.0,2.0,A
74,Oct 06 2018 - 2:00pm,43268,Tottenham Hotspur,Cardiff City,1.5,0.33,2.0,0.74,1,0,1,0,6,2,3,1,0,1,14,9,8,7,7,11,75,25,7,14,86,46,32,7,408,87,9,0,5,0,2,7.0,4.0,65.0,25.0,32.0,16.0,257.0,72.0,9.0,0.0,0.0,1.0,5.0,H
73,Oct 06 2018 - 2:00pm,32007,Leicester City,Everton,2.0,0.67,1.42,1.05,1,2,1,1,2,10,3,1,1,0,8,14,3,9,10,11,51,49,7,13,70,44,23,10,371,68,12,2,4,0,3,7.0,11.0,72.0,39.0,23.0,11.0,353.0,78.0,10.0,2.0,2.0,2.0,2.0,A
71,Oct 06 2018 - 2:00pm,20533,Burnley,Huddersfield Town,1.0,0.33,1.21,0.37,1,1,1,0,1,10,2,2,0,0,4,10,4,3,9,11,31,69,7,9,58,29,43,11,319,73,14,0,2,1,4,7.0,3.0,51.0,25.0,30.0,16.0,310.0,79.0,11.0,1.0,0.0,1.0,5.0,D
76,Oct 06 2018 - 4:30pm,74519,Manchester United,Newcastle United,1.33,0.67,1.89,1.05,3,2,0,2,10,6,2,2,0,0,16,14,11,9,16,8,73,27,7,10,74,46,25,12,397,76,12,2,3,0,3,7.0,4.0,44.0,25.0,25.0,10.0,245.0,91.0,8.0,1.0,0.0,2.0,5.0,H
77,Oct 07 2018 - 11:00am,25401,Fulham,Arsenal,1.33,2.0,1.11,1.32,1,5,1,1,4,2,2,0,0,0,13,10,5,8,11,12,48,52,7,8,78,38,40,16,374,70,11,0,1,1,4,7.0,14.0,74.0,46.0,38.0,9.0,403.0,89.0,13.0,0.0,5.0,0.0,2.0,A
78,Oct 07 2018 - 1:15pm,27077,Southampton,Chelsea,0.67,2.33,1.21,1.58,0,3,0,1,4,12,6,0,0,0,13,10,7,7,13,11,34,66,7,6,70,37,34,11,333,82,13,1,1,0,4,7.0,15.0,89.0,48.0,21.0,5.0,474.0,62.0,5.0,0.0,5.0,1.0,0.0,A
79,Oct 07 2018 - 3:30pm,52117,Liverpool,Manchester City,3.0,2.33,2.79,2.32,0,0,0,0,2,6,1,3,0,0,7,6,3,3,10,10,49,51,7,15,91,53,23,3,400,79,7,0,6,1,0,7.0,21.0,124.0,70.0,18.0,3.0,507.0,51.0,5.0,0.0,6.0,1.0,0.0,D
80,Oct 20 2018 - 11:30am,40721,Chelsea,Manchester United,2.5,1.5,2.21,1.58,2,2,1,0,5,3,2,5,0,0,15,8,7,5,9,17,62,38,8,18,99,55,28,5,540,73,5,0,6,1,0,8.0,13.0,90.0,57.0,32.0,14.0,470.0,92.0,14.0,2.0,4.0,0.0,3.0,D
84,Oct 20 2018 - 2:00pm,50329,Newcastle United,Brighton & Hove Albion,0.0,0.25,1.32,0.68,0,1,0,1,10,2,0,2,0,0,19,7,7,3,13,17,68,32,8,6,58,34,33,13,272,99,10,1,0,2,6,8.0,9.0,61.0,30.0,40.0,13.0,283.0,108.0,18.0,0.0,2.0,1.0,4.0,A
86,Oct 20 2018 - 2:00pm,31144,Wolverhampton Wanderers,Watford,2.0,1.33,1.79,1.21,0,2,0,2,8,2,3,1,0,0,8,6,2,4,23,13,44,56,8,9,98,46,36,6,371,91,13,0,4,1,1,8.0,11.0,77.0,45.0,21.0,12.0,338.0,98.0,19.0,1.0,4.0,1.0,3.0,A
83,Oct 20 2018 - 2:00pm,54094,Manchester City,Burnley,3.0,1.0,2.84,0.89,5,0,1,0,10,1,2,2,0,0,17,5,11,0,11,5,69,31,8,21,130,73,21,3,558,61,8,0,6,2,0,8.0,10.0,62.0,33.0,45.0,12.0,350.0,82.0,16.0,0.0,2.0,1.0,4.0,H
82,Oct 20 2018 - 2:00pm,29681,Cardiff City,Fulham,0.25,0.25,1.05,0.26,4,2,2,2,4,4,3,3,0,0,16,8,6,5,15,16,40,60,8,4,74,32,39,17,282,83,10,1,0,1,6,8.0,9.0,91.0,43.0,43.0,21.0,422.0,81.0,13.0,0.0,1.0,1.0,5.0,H
85,Oct 20 2018 - 2:00pm,56921,West Ham United,Tottenham Hotspur,1.0,2.4,1.63,1.74,0,1,0,1,10,6,3,0,0,0,12,7,5,3,8,10,44,56,8,8,67,35,42,13,370,89,22,0,2,0,5,8.0,15.0,100.0,54.0,39.0,7.0,483.0,94.0,12.0,0.0,6.0,0.0,2.0,A
81,Oct 20 2018 - 2:00pm,10986,AFC Bournemouth,Southampton,2.5,0.75,1.53,0.84,0,0,0,0,6,4,1,2,0,0,8,7,3,5,11,14,57,43,8,16,84,45,28,12,384,77,12,1,5,0,2,8.0,6.0,83.0,44.0,38.0,14.0,367.0,95.0,19.0,1.0,1.0,0.0,5.0,D
87,Oct 20 2018 - 4:30pm,24263,Huddersfield Town,Liverpool,0.25,2.5,0.47,2.32,0,1,0,1,2,4,0,2,0,0,8,7,2,3,9,6,47,53,8,4,61,28,33,17,379,90,13,1,0,2,5,8.0,15.0,98.0,56.0,26.0,3.0,449.0,89.0,8.0,0.0,6.0,1.0,0.0,A
88,Oct 21 2018 - 3:00pm,38668,Everton,Crystal Palace,1.75,1.5,1.79,1.53,2,0,0,0,10,5,2,1,0,0,14,8,5,4,13,17,59,41,8,13,86,48,25,12,402,89,11,2,3,2,2,8.0,5.0,75.0,41.0,34.0,9.0,403.0,87.0,16.0,1.0,2.0,0.0,5.0,H
89,Oct 22 2018 - 7:00pm,59886,Arsenal,Leicester City,2.25,1.5,2.37,1.32,3,1,1,1,6,4,2,2,0,0,18,6,7,3,10,10,69,31,8,19,84,54,42,10,455,101,13,0,6,0,2,8.0,14.0,78.0,47.0,30.0,12.0,422.0,78.0,15.0,3.0,4.0,0.0,4.0,H
92,Oct 27 2018 - 2:00pm,53373,Liverpool,Cardiff City,2.5,0.25,2.79,0.74,4,1,1,0,8,0,0,0,0,0,14,3,8,2,6,4,79,21,9,16,105,59,28,3,502,95,10,0,7,1,0,9.0,8.0,90.0,38.0,42.0,19.0,322.0,98.0,13.0,1.0,1.0,1.0,6.0,H
94,Oct 27 2018 - 2:00pm,20457,Watford,Huddersfield Town,1.8,0.5,1.42,0.37,3,0,2,0,3,3,1,2,0,0,13,12,7,8,9,13,48,52,9,13,83,49,23,12,394,111,20,1,5,1,3,9.0,4.0,69.0,30.0,35.0,18.0,426.0,99.0,13.0,1.0,0.0,2.0,6.0,H
90,Oct 27 2018 - 2:00pm,30654,Brighton & Hove Albion,Wolverhampton Wanderers,1.75,1.75,1.21,1.21,1,0,0,0,1,10,3,0,0,0,7,16,2,8,11,8,39,61,9,10,68,33,47,13,315,125,20,0,3,1,4,9.0,9.0,106.0,48.0,38.0,8.0,415.0,114.0,16.0,0.0,4.0,1.0,2.0,H
91,Oct 27 2018 - 2:00pm,25071,Fulham,AFC Bournemouth,1.0,1.5,1.11,0.84,0,3,0,1,5,5,3,1,1,0,11,12,2,6,16,3,52,48,9,11,99,48,45,25,482,97,16,0,1,1,6,9.0,16.0,92.0,48.0,33.0,12.0,441.0,88.0,13.0,1.0,5.0,0.0,2.0,A
93,Oct 27 2018 - 2:00pm,30736,Southampton,Newcastle United,0.5,0.5,1.21,1.05,0,0,0,0,7,2,0,1,0,0,18,5,5,0,9,12,50,50,9,6,90,49,41,14,410,109,21,1,1,1,5,9.0,6.0,77.0,41.0,35.0,14.0,340.0,112.0,10.0,1.0,0.0,2.0,7.0,D
95,Oct 27 2018 - 4:30pm,31848,Leicester City,West Ham United,1.5,0.75,1.42,1.11,1,1,0,1,8,0,1,1,0,1,19,10,8,4,17,5,64,36,9,15,84,50,34,15,453,88,17,3,4,0,5,9.0,8.0,79.0,40.0,44.0,14.0,414.0,97.0,25.0,0.0,2.0,0.0,6.0,D
96,Oct 28 2018 - 1:30pm,21430,Burnley,Chelsea,1.0,2.5,1.21,1.58,0,4,0,1,4,4,4,2,0,0,6,18,2,9,14,10,30,70,9,10,67,33,51,17,381,87,18,0,2,1,5,9.0,20.0,114.0,62.0,31.0,7.0,602.0,82.0,7.0,0.0,6.0,1.0,0.0,A
97,Oct 28 2018 - 1:30pm,25718,Crystal Palace,Arsenal,0.25,2.25,1.05,1.32,2,2,1,0,6,4,1,2,0,0,15,6,4,3,10,16,42,58,9,5,83,45,37,11,444,104,17,1,2,0,6,9.0,22.0,102.0,61.0,44.0,11.0,524.0,111.0,15.0,0.0,7.0,0.0,2.0,D
98,Oct 28 2018 - 4:00pm,74525,Manchester United,Everton,1.75,1.25,1.89,1.05,2,1,1,0,8,4,2,1,0,0,14,14,11,7,15,12,53,47,9,15,98,62,37,16,508,109,19,2,4,1,3,9.0,15.0,100.0,53.0,29.0,12.0,461.0,102.0,13.0,2.0,4.0,2.0,2.0,H
99,Oct 29 2018 - 8:00pm,56854,Tottenham Hotspur,Manchester City,2.0,2.0,2.0,2.32,0,1,0,1,3,6,2,2,0,0,5,9,2,7,13,13,48,52,9,16,107,57,44,7,539,104,12,0,7,0,2,9.0,26.0,147.0,84.0,21.0,3.0,627.0,72.0,10.0,0.0,7.0,2.0,0.0,A
30,Sep 01 2018 - 11:30am,32149,Leicester City,Liverpool,3.0,3.0,1.42,2.32,1,2,0,2,4,4,3,2,0,0,9,9,6,5,9,12,51,49,3,5,22,14,14,3,145,29,4,1,2,0,1,3.0,7.0,43.0,25.0,9.0,0.0,198.0,35.0,3.0,0.0,3.0,0.0,0.0,A
31,Sep 01 2018 - 2:00pm,30526,Brighton & Hove Albion,Fulham,3.0,0.0,1.21,0.26,2,2,0,1,7,1,3,3,0,0,13,9,6,6,12,14,41,59,3,3,18,7,14,5,110,46,4,0,1,0,2,3.0,5.0,43.0,24.0,19.0,7.0,170.0,25.0,3.0,0.0,1.0,0.0,2.0,D
32,Sep 01 2018 - 2:00pm,40178,Chelsea,AFC Bournemouth,3.0,3.0,2.21,0.84,2,0,0,0,7,6,2,2,0,0,13,8,7,2,10,7,72,28,3,8,38,21,9,3,207,28,2,0,3,0,0,3.0,6.0,36.0,17.0,9.0,3.0,150.0,33.0,3.0,1.0,2.0,0.0,0.0,H
33,Sep 01 2018 - 2:00pm,25495,Crystal Palace,Southampton,0.0,0.0,1.05,0.84,0,2,0,0,7,4,1,1,0,0,14,13,7,7,11,12,50,50,3,3,28,18,16,4,127,28,5,1,1,0,2,3.0,2.0,31.0,15.0,17.0,4.0,140.0,43.0,7.0,1.0,0.0,0.0,2.0,A
34,Sep 01 2018 - 2:00pm,38767,Everton,Huddersfield Town,3.0,0.0,1.79,0.37,1,1,1,1,4,3,3,3,0,0,10,8,2,7,13,14,57,43,3,6,29,18,11,5,152,25,4,2,1,2,0,3.0,1.0,14.0,6.0,16.0,9.0,119.0,21.0,4.0,1.0,0.0,0.0,2.0,D
35,Sep 01 2018 - 2:00pm,59947,West Ham United,Wolverhampton Wanderers,0.0,0.0,1.63,1.21,0,1,0,0,4,4,2,1,0,0,9,14,4,7,10,11,47,53,3,2,25,15,17,9,136,36,11,0,0,0,3,3.0,3.0,30.0,12.0,11.0,5.0,143.0,29.0,2.0,0.0,0.0,0.0,1.0,A
36,Sep 01 2018 - 4:30pm,53946,Manchester City,Newcastle United,3.0,1.0,2.84,1.05,2,1,1,1,4,0,0,0,0,0,18,4,9,3,5,13,78,22,3,9,51,31,7,2,206,31,4,0,2,1,0,3.0,2.0,24.0,13.0,8.0,4.0,107.0,43.0,7.0,1.0,0.0,1.0,2.0,H
37,Sep 02 2018 - 12:30pm,32316,Cardiff City,Arsenal,1.0,0.0,1.05,1.32,2,3,1,1,3,9,3,4,0,0,14,16,4,12,12,14,27,73,3,0,26,9,12,2,131,33,4,0,0,1,1,3.0,5.0,34.0,22.0,21.0,6.0,141.0,36.0,5.0,0.0,1.0,0.0,2.0,A
39,Sep 02 2018 - 3:00pm,20141,Watford,Tottenham Hotspur,3.0,3.0,1.42,1.74,2,1,0,0,3,10,2,1,0,0,7,10,4,3,9,8,34,66,3,7,32,19,6,2,138,43,8,0,3,0,0,3.0,8.0,43.0,24.0,11.0,2.0,162.0,37.0,5.0,0.0,3.0,0.0,0.0,H
38,Sep 02 2018 - 3:00pm,21525,Burnley,Manchester United,0.0,0.0,1.21,1.58,0,2,0,2,2,5,2,3,0,1,9,16,3,10,7,13,46,54,3,3,28,14,17,7,148,25,3,0,0,1,2,3.0,4.0,34.0,17.0,8.0,7.0,170.0,35.0,5.0,0.0,1.0,0.0,2.0,A
40,Sep 15 2018 - 11:30am,80188,Tottenham Hotspur,Liverpool,3.0,3.0,2.0,2.32,1,2,0,1,5,4,0,0,0,0,9,16,4,11,17,16,60,40,4,9,53,27,13,4,228,45,6,0,3,0,1,4.0,9.0,52.0,30.0,14.0,1.0,247.0,47.0,5.0,0.0,4.0,0.0,0.0,A
45,Sep 15 2018 - 2:00pm,52165,Newcastle United,Arsenal,0.0,1.5,1.32,1.32,1,2,0,0,10,4,0,0,0,0,3,8,3,3,13,11,36,64,4,3,28,16,15,6,129,56,7,1,0,1,3,4.0,8.0,50.0,34.0,23.0,8.0,214.0,50.0,9.0,0.0,2.0,0.0,2.0,A
42,Sep 15 2018 - 2:00pm,40499,Chelsea,Cardiff City,3.0,0.5,2.21,0.74,4,1,2,1,5,4,0,0,0,0,16,7,8,3,8,10,76,24,4,10,51,28,11,3,279,38,4,0,4,0,0,4.0,2.0,40.0,13.0,21.0,5.0,158.0,45.0,7.0,0.0,0.0,1.0,2.0,H
43,Sep 15 2018 - 2:00pm,23696,Huddersfield Town,Crystal Palace,0.5,1.5,0.47,1.53,0,1,0,1,5,3,1,2,0,0,12,5,3,3,11,17,58,42,4,2,22,13,17,10,162,35,7,1,0,1,2,4.0,3.0,42.0,25.0,21.0,6.0,177.0,39.0,6.0,1.0,1.0,0.0,3.0,A
44,Sep 15 2018 - 2:00pm,53307,Manchester City,Fulham,3.0,0.5,2.84,0.26,3,0,2,0,10,4,0,0,0,0,18,9,10,4,7,7,64,36,4,11,69,40,9,3,284,36,4,0,3,1,0,4.0,7.0,52.0,30.0,23.0,9.0,229.0,39.0,6.0,0.0,1.0,1.0,2.0,H
41,Sep 15 2018 - 2:00pm,10543,AFC Bournemouth,Leicester City,2.0,1.5,1.53,1.32,4,2,3,0,4,6,3,3,0,1,8,13,6,9,13,15,46,54,4,6,44,19,14,5,178,40,5,1,2,0,1,4.0,6.0,31.0,20.0,17.0,5.0,196.0,38.0,7.0,1.0,2.0,0.0,2.0,H
46,Sep 15 2018 - 4:30pm,20537,Watford,Manchester United,3.0,1.5,1.42,1.58,1,2,0,2,6,8,2,2,0,1,9,8,6,7,9,11,42,58,4,9,39,23,8,3,172,52,10,0,4,0,0,4.0,6.0,50.0,27.0,11.0,7.0,224.0,48.0,8.0,1.0,2.0,0.0,2.0,A
47,Sep 16 2018 - 12:30pm,30406,Wolverhampton Wanderers,Burnley,1.0,0.5,1.79,0.89,1,0,0,0,8,2,2,4,0,0,21,8,8,3,10,9,58,42,4,4,44,19,15,5,196,40,3,0,1,0,1,4.0,3.0,37.0,17.0,25.0,9.0,194.0,32.0,5.0,0.0,0.0,1.0,3.0,H
48,Sep 16 2018 - 3:00pm,39161,Everton,West Ham United,2.0,0.0,1.79,1.11,1,3,1,2,4,2,2,5,0,0,11,7,5,5,15,12,55,45,4,7,39,20,17,6,209,38,7,2,1,2,0,4.0,2.0,34.0,19.0,23.0,10.0,183.0,46.0,13.0,0.0,0.0,0.0,4.0,A
49,Sep 17 2018 - 7:00pm,27742,Southampton,Brighton & Hove Albion,0.5,0.0,1.21,0.68,2,2,1,0,1,4,2,3,0,0,12,10,6,5,10,13,51,49,4,4,44,22,24,4,190,55,8,1,1,0,2,4.0,5.0,31.0,13.0,18.0,7.0,151.0,58.0,7.0,0.0,1.0,0.0,2.0,D
50,Sep 22 2018 - 11:30am,23418,Fulham,Watford,1.5,3.0,1.11,1.21,1,1,0,1,8,8,2,1,0,0,10,11,4,7,11,9,60,40,5,7,61,34,30,12,265,46,6,0,1,1,3,5.0,10.0,48.0,29.0,13.0,5.0,214.0,61.0,12.0,0.0,4.0,0.0,1.0,D
55,Sep 22 2018 - 2:00pm,50965,Liverpool,Southampton,3.0,1.5,2.79,0.84,3,0,3,0,5,5,0,2,0,0,10,3,5,2,7,10,60,40,5,11,68,41,17,2,287,63,5,0,5,0,0,5.0,6.0,56.0,28.0,27.0,6.0,241.0,65.0,10.0,1.0,1.0,0.0,2.0,H
54,Sep 22 2018 - 2:00pm,31676,Leicester City,Huddersfield Town,1.5,0.5,1.42,0.37,3,1,1,1,3,1,2,1,0,0,16,8,9,3,10,16,62,38,5,8,44,29,19,9,250,53,10,2,2,0,3,5.0,2.0,34.0,16.0,19.0,11.0,220.0,46.0,8.0,1.0,0.0,1.0,3.0,H
56,Sep 22 2018 - 2:00pm,74489,Manchester United,Wolverhampton Wanderers,1.5,1.5,1.89,1.21,1,1,1,0,5,4,1,1,0,0,10,12,7,9,5,17,64,36,5,8,58,34,16,8,282,59,10,2,3,0,2,5.0,5.0,65.0,27.0,18.0,5.0,254.0,50.0,5.0,0.0,2.0,0.0,1.0,D
52,Sep 22 2018 - 2:00pm,32321,Cardiff City,Manchester City,0.5,2.0,1.05,2.32,0,5,0,3,1,9,1,1,0,0,3,15,3,11,6,4,21,79,5,3,47,16,25,9,182,55,7,0,0,1,3,5.0,14.0,87.0,50.0,13.0,3.0,348.0,43.0,4.0,0.0,4.0,1.0,0.0,A
51,Sep 22 2018 - 2:00pm,18636,Burnley,AFC Bournemouth,0.0,1.5,1.21,0.84,4,0,2,0,3,8,2,0,0,0,9,11,6,6,17,6,37,63,5,3,45,20,32,10,236,41,9,0,0,1,4,5.0,10.0,52.0,25.0,21.0,7.0,224.0,53.0,8.0,1.0,3.0,0.0,1.0,H
53,Sep 22 2018 - 2:00pm,25679,Crystal Palace,Newcastle United,0.0,0.5,1.05,1.05,0,0,0,0,9,5,1,1,0,0,12,7,5,4,8,11,61,39,5,4,47,28,24,6,219,56,8,1,2,0,3,5.0,4.0,31.0,19.0,16.0,8.0,165.0,69.0,7.0,1.0,0.0,1.0,4.0,D
57,Sep 22 2018 - 4:30pm,30531,Brighton & Hove Albion,Tottenham Hotspur,2.0,2.0,1.21,1.74,1,2,0,1,5,7,2,1,0,0,8,13,5,8,15,9,28,72,5,7,41,18,22,9,200,71,10,0,1,1,2,5.0,10.0,62.0,31.0,22.0,6.0,288.0,62.0,6.0,0.0,3.0,0.0,2.0,A
58,Sep 23 2018 - 12:30pm,56875,West Ham United,Chelsea,0.0,3.0,1.63,1.58,0,0,0,0,1,8,2,1,0,0,6,13,2,7,11,9,28,72,5,5,41,24,27,11,228,58,18,0,1,0,4,5.0,14.0,67.0,36.0,13.0,4.0,355.0,46.0,4.0,0.0,5.0,0.0,0.0,D
59,Sep 23 2018 - 3:00pm,59964,Arsenal,Everton,1.5,1.0,2.37,1.05,2,0,0,0,5,9,2,1,0,0,7,9,6,7,17,12,62,38,5,10,58,37,25,9,278,61,9,0,3,0,2,5.0,8.0,50.0,25.0,19.0,9.0,264.0,53.0,9.0,2.0,1.0,2.0,1.0,H
60,Sep 29 2018 - 11:30am,56938,West Ham United,Manchester United,0.33,2.0,1.63,1.58,3,1,2,0,4,9,0,1,0,0,8,6,4,5,12,12,49,51,6,5,47,26,34,11,256,69,20,0,1,0,4,6.0,9.0,68.0,41.0,24.0,9.0,346.0,64.0,11.0,2.0,3.0,0.0,2.0,H
62,Sep 29 2018 - 2:00pm,38788,Everton,Fulham,1.33,0.33,1.79,0.26,3,0,0,0,12,1,0,3,0,0,13,7,7,0,13,13,51,49,6,8,59,32,23,11,302,65,10,2,1,2,2,6.0,8.0,71.0,38.0,36.0,13.0,325.0,57.0,8.0,0.0,1.0,1.0,3.0,H
63,Sep 29 2018 - 2:00pm,23885,Huddersfield Town,Tottenham Hotspur,0.33,2.25,0.47,1.74,0,2,0,2,3,0,2,2,0,0,9,11,6,7,17,16,52,48,6,3,42,19,25,14,258,62,9,1,0,1,4,6.0,12.0,75.0,39.0,26.0,7.0,360.0,71.0,7.0,0.0,4.0,0.0,2.0,A
64,Sep 29 2018 - 2:00pm,54152,Manchester City,Brighton & Hove Albion,3.0,0.33,2.84,0.68,2,0,1,0,10,3,0,3,0,0,22,3,9,2,4,10,80,20,6,19,102,61,16,3,427,47,5,0,5,1,0,6.0,8.0,49.0,23.0,28.0,11.0,228.0,86.0,12.0,0.0,1.0,1.0,3.0,H
65,Sep 29 2018 - 2:00pm,51523,Newcastle United,Leicester City,0.0,1.0,1.32,1.32,0,2,0,1,5,9,0,0,0,0,6,10,2,6,11,5,41,59,6,4,38,23,21,8,204,80,8,1,0,2,4,6.0,11.0,60.0,38.0,21.0,10.0,312.0,63.0,12.0,2.0,3.0,0.0,3.0,A
66,Sep 29 2018 - 2:00pm,31147,Wolverhampton Wanderers,Southampton,1.67,1.0,1.79,0.84,2,0,0,0,8,6,3,1,0,0,13,11,7,7,11,7,48,52,6,6,77,36,24,6,290,67,6,0,2,1,1,6.0,6.0,59.0,30.0,29.0,9.0,281.0,75.0,12.0,1.0,1.0,0.0,3.0,H
61,Sep 29 2018 - 2:00pm,60019,Arsenal,Watford,2.0,2.0,2.37,1.21,2,0,0,0,6,6,2,2,0,0,9,13,3,6,11,17,63,37,6,12,65,43,32,9,340,78,11,0,4,0,2,6.0,11.0,59.0,36.0,16.0,6.0,254.0,70.0,13.0,0.0,4.0,1.0,1.0,H
67,Sep 29 2018 - 4:30pm,40625,Chelsea,Liverpool,3.0,3.0,2.21,2.32,1,1,1,0,4,4,0,2,0,0,9,13,5,7,7,9,47,53,6,14,80,43,15,4,427,55,5,0,5,1,0,6.0,14.0,78.0,46.0,19.0,2.0,347.0,70.0,5.0,0.0,6.0,0.0,0.0,D
68,Sep 30 2018 - 3:00pm,30411,Cardiff City,Burnley,0.33,0.33,1.05,0.89,1,2,0,0,10,2,1,3,0,0,15,4,6,3,11,15,54,46,6,3,50,19,31,14,203,61,8,0,0,1,4,6.0,7.0,54.0,26.0,38.0,10.0,273.0,58.0,11.0,0.0,1.0,1.0,4.0,A
